,cast_actor_href,cast_movie_href
0,nm0048932,tt11018264
1,nm0048932,tt9286908
2,nm0048932,tt6069162
3,nm0048932,tt1553659
4,nm0048932,tt1196946
5,nm0048932,tt2244901
6,nm0048932,tt1615147
7,nm0048932,tt0954947
8,nm0048932,tt1247704
9,nm0048932,tt1127221
10,nm0048932,tt0851530
11,nm0048932,tt1151319
12,nm0048932,tt0497972
13,nm0048932,tt0805667
14,nm0048932,tt0458352
15,nm0048932,tt0437777
16,nm0048932,tt0418819
17,nm0048932,tt0377109
18,nm0048932,tt0285370
19,nm0048932,tt0376006
20,nm0048932,tt0242252
21,nm0048932,tt6782462
22,nm0048932,tt0199753
23,nm0048932,tt0178050
24,nm0048932,tt0217032
25,nm0048932,tt0134154
26,nm0048932,tt0151396
27,nm0048932,tt0138541
28,nm0048932,tt0152176
29,nm0048932,tt0119709
30,nm0048932,tt0119488
31,nm0048932,tt0116825
32,nm0048932,tt0108800
33,nm0048932,tt0115379
34,nm0048932,tt0428139
35,nm0048932,tt0178155
36,nm0048932,tt1059857
37,nm0048932,tt0094481
38,nm0048932,tt0096572
39,nm0048932,tt0096592
40,nm0048932,tt0086689
41,nm0048932,tt0096708
42,nm0048932,tt0138611
0,nm0000152,tt13009046
1,nm0000152,tt8049666
2,nm0000152,tt5706370
3,nm0000152,tt3203620
4,nm0000152,tt4191702
5,nm0000152,tt3165630
6,nm0000152,tt2555736
7,nm0000152,tt3505712
8,nm0000152,tt1460798
9,nm0000152,tt2395695
10,nm0000152,tt1333125
11,nm0000152,tt1764183
12,nm0000152,tt1646980
13,nm0000152,tt1129445
14,nm0000152,tt1028532
15,nm0000152,tt1210042
16,nm0000152,tt0956038
17,nm0000152,tt0368794
18,nm0000152,tt0455782
19,nm0000152,tt0473356
20,nm0000152,tt0462338
21,nm0000152,tt0387059
22,nm0000152,tt0358135
23,nm0000152,tt0361185
24,nm0000152,tt0299658
25,nm0000152,tt0250797
26,nm0000152,tt0265349
27,nm0000152,tt0096697
28,nm0000152,tt0205271
29,nm0000152,tt0174480
30,nm0000152,tt0163187
31,nm0000152,tt0119395
32,nm0000152,tt0119994
33,nm0000152,tt0117381
34,nm0000152,tt0113071
35,nm0000152,tt0110146
36,nm0000152,tt0107611
37,nm0000152,tt0106273
38,nm0000152,tt0108185
39,nm0000152,tt0104265
40,nm0000152,tt0101991
41,nm0000152,tt0100405
42,nm0000152,tt0099850
43,nm0000152,tt0095640
44,nm0000152,tt0091637
45,nm0000152,tt0091786
46,nm0000152,tt0089420
47,nm0000152,tt0087089
48,nm0000152,tt0085236
49,nm0000152,tt0085276
50,nm0000152,tt0084434
51,nm0000152,tt0080365
52,nm0000152,tt0080157
53,nm0000152,tt0078878
54,nm0000152,tt0077405
55,nm0000152,tt0076327
56,nm0000152,tt0069599
57,nm0000152,tt0074173
58,nm0000152,tt0073758
59,nm0000152,tt0073620
60,nm0000152,tt0459230
0,nm0004874,tt5218270
1,nm0004874,tt5433140
2,nm0004874,tt8429660
3,nm0004874,tt6791350
4,nm0004874,tt13629530
5,nm0004874,tt13623136
6,nm0004874,tt13669522
7,nm0004874,tt13673396
8,nm0004874,tt5433138
9,nm0004874,tt11468188
10,nm0004874,tt1634106
11,nm0004874,tt8322592
12,nm0004874,tt4154796
13,nm0004874,tt5848272
14,nm0004874,tt4154756
15,nm0004874,tt7134278
16,nm0004874,tt3896198
17,nm0004874,tt4630562
18,nm0004874,tt1293847
19,nm0004874,tt2513074
20,nm0004874,tt7537668
21,nm0004874,tt5540044
22,nm0004874,tt1618442
23,nm0004874,tt3757982
24,nm0004874,tt6706132
25,nm0004874,tt2820852
26,nm0004874,tt2015381
27,nm0004874,tt1411250
28,nm0004874,tt3095416
29,nm0004874,tt1905041
30,nm0004874,tt1596343
31,nm0004874,tt1538503
32,nm0004874,tt1218336
33,nm0004874,tt1418290
34,nm0004874,tt1013752
35,nm0004874,tt0364970
36,nm0004874,tt0463985
37,nm0004874,tt0419749
38,nm0004874,tt0395699
39,nm0004874,tt4967358
40,nm0004874,tt0407658
41,nm0004874,tt0296572
42,nm0004874,tt0405833
43,nm0004874,tt0266465
44,nm0004874,tt0295701
45,nm0004874,tt0211465
46,nm0004874,tt0232500
47,nm0004874,tt0134847
48,nm0004874,tt0181984
49,nm0004874,tt0366620
50,nm0004874,tt0129167
51,nm0004874,tt0120815
52,nm0004874,tt0149171
53,nm0004874,tt0226168
54,nm0004874,tt0099077
0,nm0000125,tt0851471
1,nm0000125,tt1105769
2,nm0000125,tt0455566
3,nm0000125,tt0361185
4,nm0000125,tt0311429
5,nm0000125,tt0181536
6,nm0000125,tt0137494
7,nm0000125,tt0145734
8,nm0000125,tt0118661
9,nm0000125,tt0117500
10,nm0000125,tt0116136
11,nm0000125,tt0113071
12,nm0000125,tt0113501
13,nm0000125,tt0109920
14,nm0000125,tt0107969
15,nm0000125,tt0104839
16,nm0000125,tt0102798
17,nm0000125,tt0102034
18,nm0000125,tt0100530
19,nm0000125,tt0099810
20,nm0000125,tt0097328
21,nm0000125,tt0097576
22,nm0000125,tt0095613
23,nm0000125,tt0095897
24,nm0000125,tt0094226
25,nm0000125,tt0091605
26,nm0000125,tt0091203
27,nm0000125,tt0084750
28,nm0000125,tt0086006
29,nm0000125,tt0083947
30,nm0000125,tt0084920
31,nm0000125,tt0081633
32,nm0000125,tt0082869
33,nm0000125,tt0079013
34,nm0000125,tt0079550
35,nm0000125,tt0079240
36,nm0000125,tt0075784
37,nm0000125,tt6164290
38,nm0000125,tt0074962
39,nm0000125,tt0075147
40,nm0000125,tt0073341
41,nm0000125,tt0073906
42,nm0000125,tt0073796
43,nm0000125,tt0071877
44,nm0000125,tt0070948
45,nm0000125,tt0070468
46,nm0000125,tt0066995
47,nm0000125,tt0066767
48,nm0000125,tt0066090
49,nm0000125,tt0067315
50,nm0000125,tt0297621
51,nm0000125,tt0213073
52,nm0000125,tt0063592
53,nm0000125,tt0062512
54,nm0000125,tt0060414
55,nm0000125,tt0061139
56,nm0000125,tt0059800
57,nm0000125,tt0059274
58,nm0000125,tt0058150
59,nm0000125,tt0058329
60,nm0000125,tt0058754
61,nm0000125,tt0057076
62,nm0000125,tt0055928
63,nm0000125,tt0056197
64,nm0000125,tt0267267
65,nm0000125,tt0055262
66,nm0000125,tt0054898
67,nm0000125,tt4657798
68,nm0000125,tt0400618
69,nm0000125,tt0914702
70,nm0000125,tt0314890
71,nm0000125,tt0239157
72,nm0000125,tt1068663
73,nm0000125,tt0990935
74,nm0000125,tt0052722
75,nm0000125,tt0053334
76,nm0000125,tt0046593
77,nm0000125,tt0161126
78,nm0000125,tt0326417
79,nm0000125,tt0051364
80,nm0000125,tt0441950
81,nm0000125,tt0051084
82,nm0000125,tt0050099
83,nm0000125,tt0051713
84,nm0000125,tt0989125
85,nm0000125,tt0401749
86,nm0000125,tt0050772
87,nm0000125,tt0042116
88,nm0000125,tt0050058
89,nm0000125,tt5061960
90,nm0000125,tt0047728
91,nm0000125,tt0369936
92,nm0000125,tt0048294
0,nm0001602,tt6643818
1,nm0001602,tt10756954
2,nm0001602,tt15565872
3,nm0001602,tt11827628
4,nm0001602,tt15275256
5,nm0001602,tt13575806
6,nm0001602,tt15906906
7,nm0001602,tt7335008
8,nm0001602,tt8545482
9,nm0001602,tt4905554
10,nm0001602,tt10155688
11,nm0001602,tt0499097
12,nm0001602,tt11263022
13,nm0001602,tt1634106
14,nm0001602,tt5717194
15,nm0001602,tt7686464
16,nm0001602,tt8337320
17,nm0001602,tt3282076
18,nm0001602,tt2328900
19,nm0001602,tt8021824
20,nm0001602,tt5616294
21,nm0001602,tt4602066
22,nm0001602,tt5473090
23,nm0001602,tt7775990
24,nm0001602,tt2316204
25,nm0001602,tt5292622
26,nm0001602,tt1895315
27,nm0001602,tt1703957
28,nm0001602,tt4790276
29,nm0001602,tt5260254
30,nm0001602,tt3289728
31,nm0001602,tt3671542
32,nm0001602,tt3824412
33,nm0001602,tt5108100
34,nm0001602,tt2345737
35,nm0001602,tt2846378
36,nm0001602,tt2715776
37,nm0001602,tt2463512
38,nm0001602,tt1300854
39,nm0001602,tt1999987
40,nm0001602,tt5362760
41,nm0001602,tt2087820
42,nm0001602,tt2090537
43,nm0001602,tt1212450
44,nm0001602,tt1446714
45,nm0001602,tt1592525
46,nm0001602,tt1214962
47,nm0001602,tt1704161
48,nm0001602,tt1492030
49,nm0001602,tt1270761
50,nm0001602,tt1504320
51,nm0001602,tt1313092
52,nm0001602,tt0898367
53,nm0001602,tt0995851
54,nm0001602,tt0960731
55,nm0001602,tt0887912
56,nm0001602,tt0988047
57,nm0001602,tt0948547
58,nm0001602,tt0472071
59,nm0001602,tt0432402
60,nm0001602,tt0432289
61,nm0001602,tt0421238
62,nm0001602,tt0338512
63,nm0001602,tt0240980
64,nm0001602,tt0280490
65,nm0001602,tt0268695
66,nm0001602,tt0245844
67,nm0001602,tt0209144
68,nm0001602,tt0160797
69,nm0001602,tt0162662
70,nm0001602,tt0129332
71,nm0001602,tt0144018
72,nm0001602,tt0297852
73,nm0001602,tt2329424
74,nm0001602,tt0119488
75,nm0001602,tt0106136
76,nm0001602,tt0116036
77,nm0001602,tt0109045
78,nm0001602,tt0116330
79,nm0001602,tt0101051
80,nm0001602,tt0094481
81,nm0001602,tt0103468
82,nm0001602,tt0098771
83,nm0001602,tt0102076
84,nm0001602,tt0104271
85,nm0001602,tt0099752
86,nm0001602,tt0088580
0,nm0124930,tt1210027
1,nm0124930,tt8008948
2,nm0124930,tt14850054
3,nm0124930,tt1417768
4,nm0124930,tt5761544
5,nm0124930,tt13629530
6,nm0124930,tt2461172
7,nm0124930,tt15004136
8,nm0124930,tt5884796
9,nm0124930,tt7890826
10,nm0124930,tt1697068
11,nm0124930,tt5748448
12,nm0124930,tt7737786
13,nm0124930,tt11112140
14,nm0124930,tt6189022
15,nm0124930,tt2386490
16,nm0124930,tt4131496
17,nm0124930,tt1846589
18,nm0124930,tt1259528
19,nm0124930,tt1981128
20,nm0124930,tt1718924
21,nm0124930,tt3300542
22,nm0124930,tt2404233
23,nm0124930,tt1646971
24,nm0124930,tt2302755
25,nm0124930,tt1333125
26,nm0124930,tt1540128
27,nm0124930,tt1629757
28,nm0124930,tt2065968
29,nm0124930,tt1586752
30,nm0124930,tt1372686
31,nm0124930,tt1744776
32,nm0124930,tt2542490
33,nm0124930,tt0892769
34,nm0124930,tt1038919
35,nm0124930,tt1197624
36,nm0124930,tt1034032
37,nm0124930,tt1142988
38,nm0124930,tt1295071
39,nm0124930,tt1032755
40,nm0124930,tt0410377
41,nm0124930,tt0431308
42,nm0124930,tt0489664
43,nm0124930,tt0488928
44,nm0124930,tt0416449
45,nm0124930,tt0402057
46,nm0124930,tt0796207
47,nm0124930,tt0354595
48,nm0124930,tt0293508
49,nm0124930,tt0377752
50,nm0124930,tt0300556
51,nm0124930,tt0325703
52,nm0124930,tt0253556
53,nm0124930,tt0297571
54,nm0124930,tt0278035
55,nm0124930,tt0291277
56,nm0124930,tt0286899
57,nm0124930,tt0259127
58,nm0124930,tt0206105
59,nm0124930,tt0219653
60,nm0124930,tt0216799
61,nm0124930,tt0144134
62,nm0124930,tt0138899
63,nm0124930,tt0229625
64,nm0124930,tt0178167
65,nm0124930,tt0202346
66,nm0124930,tt0164728
67,nm0124930,tt0127919
68,nm0124930,tt0120347
69,nm0124930,tt0119280
0,nm0089217,tt7099280
1,nm0089217,tt11650736
2,nm0089217,tt14898648
3,nm0089217,tt3833480
4,nm0089217,tt0489974
5,nm0089217,tt5648036
6,nm0089217,tt5886510
7,nm0089217,tt5200368
8,nm0089217,tt1790809
9,nm0089217,tt1734493
10,nm0089217,tt5562056
11,nm0089217,tt3704416
12,nm0089217,tt2310332
13,nm0089217,tt3466476
14,nm0089217,tt1170358
15,nm0089217,tt2249221
16,nm0089217,tt1509767
17,nm0089217,tt1582271
18,nm0089217,tt6715232
19,nm0089217,tt1792983
20,nm0089217,tt1791504
21,nm0089217,tt1365483
22,nm0089217,tt1270277
23,nm0089217,tt0808399
24,nm0089217,tt0449088
25,nm0089217,tt0445114
26,nm0089217,tt0452643
27,nm0089217,tt0383574
28,nm0089217,tt0368709
29,nm0089217,tt0320661
30,nm0089217,tt0386504
31,nm0089217,tt0332452
32,nm0089217,tt0330111
33,nm0089217,tt0167260
34,nm0089217,tt0325980
35,nm0089217,tt0277941
36,nm0089217,tt0167261
37,nm0089217,tt0347436
38,nm0089217,tt0265086
39,nm0089217,tt0120737
40,nm0089217,tt0118401
41,nm0089217,tt0195275
42,nm0089217,tt0120514
43,nm0089217,tt0096555
0,nm0654110,tt14203572
1,nm0654110,tt2788432
2,nm0654110,tt13002242
3,nm0654110,tt3319460
4,nm0654110,tt12784484
5,nm0654110,tt0264235
6,nm0654110,tt1025100
7,nm0654110,tt1657517
8,nm0654110,tt1833116
9,nm0654110,tt5397194
10,nm0654110,tt5690810
11,nm0654110,tt2239822
12,nm0654110,tt6223260
13,nm0654110,tt6078822
14,nm0654110,tt4210080
15,nm0654110,tt2937900
16,nm0654110,tt2493486
17,nm0654110,tt2380331
18,nm0654110,tt1747958
19,nm0654110,tt0423455
20,nm0654110,tt1770734
21,nm0654110,tt1634121
22,nm0654110,tt1448755
23,nm0654110,tt1529572
24,nm0654110,tt0926380
25,nm0654110,tt1135487
26,nm0654110,tt0963178
27,nm0654110,tt3225478
28,nm0654110,tt0445114
29,nm0654110,tt0414055
30,nm0654110,tt0465602
31,nm0654110,tt0206634
32,nm0654110,tt0454848
33,nm0654110,tt0383216
34,nm0654110,tt0398017
35,nm0654110,tt0401792
36,nm0654110,tt0376541
37,nm0654110,tt0349683
38,nm0654110,tt12958702
39,nm0654110,tt0294357
40,nm0654110,tt0319531
41,nm0654110,tt5564586
42,nm0654110,tt0340398
43,nm0654110,tt0338768
44,nm0654110,tt0338111
45,nm0654110,tt0258463
46,nm0654110,tt0280707
47,nm0654110,tt0285930
48,nm0654110,tt0286151
49,nm0654110,tt0285104
50,nm0654110,tt0283994
51,nm0654110,tt0283875
52,nm0654110,tt0282947
53,nm0654110,tt0286056
54,nm0654110,tt0284462
55,nm0654110,tt0203540
56,nm0654110,tt0187489
57,nm0654110,tt0209809
58,nm0654110,tt0182065
59,nm0654110,tt0159382
60,nm0654110,tt0118698
61,nm0654110,tt0131684
62,nm0654110,tt0117391
63,nm0654110,tt0117473
64,nm0654110,tt0297626
65,nm0654110,tt0111518
66,nm0654110,tt0110977
67,nm0654110,tt0109650
68,nm0654110,tt0109752
69,nm0654110,tt0110683
70,nm0654110,tt0137090
71,nm0654110,tt0106537
72,nm0654110,tt0106578
73,nm0654110,tt0101595
74,nm0654110,tt0098766
75,nm0654110,tt0100056
76,nm0654110,tt0098117
77,nm0654110,tt0096405
78,nm0654110,tt0090400
79,nm0654110,tt0092438
0,nm0413168,tt4569538
1,nm0413168,tt3758542
2,nm0413168,tt4807444
3,nm0413168,tt14458442
4,nm0413168,tt6524350
5,nm0413168,tt3272066
6,nm0413168,tt6264654
7,nm0413168,tt12597800
8,nm0413168,tt8206668
9,nm0413168,tt6348138
10,nm0413168,tt7074886
11,nm0413168,tt7895824
12,nm0413168,tt1485796
13,nm0413168,tt9313612
14,nm0413168,tt3315342
15,nm0413168,tt3385516
16,nm0413168,tt1083452
17,nm0413168,tt3332064
18,nm0413168,tt1823672
19,nm0413168,tt2582496
20,nm0413168,tt2692250
21,nm0413168,tt1877832
22,nm0413168,tt14998914
23,nm0413168,tt1392214
24,nm0413168,tt1430132
25,nm0413168,tt1333125
26,nm0413168,tt1707386
27,nm0413168,tt1446192
28,nm0413168,tt0072562
29,nm0413168,tt0433035
30,nm0413168,tt1349451
31,nm0413168,tt1541995
32,nm0413168,tt1270798
33,nm0413168,tt1334106
34,nm0413168,tt0458525
35,nm0413168,tt0455824
36,nm0413168,tt0800240
37,nm0413168,tt1191137
38,nm0413168,tt0878801
39,nm0413168,tt0366548
40,nm0413168,tt0424095
41,nm0413168,tt0482571
42,nm0413168,tt0414993
43,nm0413168,tt0457513
44,nm0413168,tt0376994
45,nm0413168,tt0807737
46,nm0413168,tt0412022
47,nm0413168,tt0338526
48,nm0413168,tt0406310
49,nm0413168,tt0409026
50,nm0413168,tt0185704
51,nm0413168,tt0290334
52,nm0413168,tt0035423
53,nm0413168,tt0244244
54,nm0413168,tt0244970
55,nm0413168,tt0120903
56,nm0413168,tt0216048
57,nm0413168,tt0212936
58,nm0413168,tt0180037
59,nm0413168,tt2329424
60,nm0413168,tt0106136
61,nm0413168,tt0108709
62,nm0413168,tt0111927
63,nm0413168,tt0106054
0,nm0000158,tt7405458
1,nm0000158,tt2123969
2,nm0000158,tt14230388
3,nm0000158,tt4593060
4,nm0000158,tt3704428
5,nm0000158,tt3420504
6,nm0000158,tt6878306
7,nm0000158,tt13143964
8,nm0000158,tt7165904
9,nm0000158,tt6048922
10,nm0000158,tt3224458
11,nm0000158,tt1979376
12,nm0000158,tt6294822
13,nm0000158,tt7452910
14,nm0000158,tt4287320
15,nm0000158,tt3062096
16,nm0000158,tt3263904
17,nm0000158,tt5543284
18,nm0000158,tt2980210
19,nm0000158,tt3501590
20,nm0000158,tt3682448
21,nm0000158,tt7094450
22,nm0000158,tt3473654
23,nm0000158,tt2140373
24,nm0000158,tt2446040
25,nm0000158,tt1535109
26,nm0000158,tt2340678
27,nm0000158,tt1371111
28,nm0000158,tt1746961
29,nm0000158,tt0477302
30,nm0000158,tt2033372
31,nm0000158,tt0115147
32,nm0000158,tt1583420
33,nm0000158,tt0496424
34,nm0000158,tt1850374
35,nm0000158,tt0435761
36,nm0000158,tt0374463
37,nm0000158,tt1448751
38,nm0000158,tt0106053
39,nm0000158,tt0808151
40,nm0000158,tt0460810
41,nm0000158,tt0472062
42,nm0000158,tt0462538
43,nm0000158,tt0382625
44,nm0000158,tt0317219
45,nm0000158,tt0401623
46,nm0000158,tt0338348
47,nm0000158,tt0377057
48,nm0000158,tt0362227
49,nm0000158,tt0335245
50,nm0000158,tt0361185
51,nm0000158,tt0264464
52,nm0000158,tt0257044
53,nm0000158,tt0185906
54,nm0000158,tt0162222
55,nm0000158,tt0120689
56,nm0000158,tt0120363
57,nm0000158,tt0128853
58,nm0000158,tt0120815
59,nm0000158,tt0120570
60,nm0000158,tt0117887
61,nm0000158,tt0114709
62,nm0000158,tt0112090
63,nm0000158,tt0112384
64,nm0000158,tt0109830
65,nm0000158,tt7116194
66,nm0000158,tt0107818
67,nm0000158,tt0105994
68,nm0000158,tt0108160
69,nm0000158,tt0104694
70,nm0000158,tt0096708
71,nm0000158,tt0105211
72,nm0000158,tt0099165
73,nm0000158,tt0099892
74,nm0000158,tt0098536
75,nm0000158,tt0096734
76,nm0000158,tt0095927
77,nm0000158,tt0094737
78,nm0000158,tt11885402
79,nm0000158,tt0092925
80,nm0000158,tt0091019
81,nm0000158,tt0091653
82,nm0000158,tt0091541
83,nm0000158,tt0090274
84,nm0000158,tt0089543
85,nm0000158,tt0086927
86,nm0000158,tt0088161
87,nm0000158,tt0083413
88,nm0000158,tt0084314
89,nm0000158,tt0070992
90,nm0000158,tt0077089
91,nm0000158,tt0080202
92,nm0000158,tt0075529
93,nm0000158,tt0080850
0,nm0005212,tt6905678
1,nm0005212,tt4067520
2,nm0005212,tt12108622
3,nm0005212,tt14400772
4,nm0005212,tt5697572
5,nm0005212,tt11343494
6,nm0005212,tt11461168
7,nm0005212,tt5563334
8,nm0005212,tt9206798
9,nm0005212,tt9055926
10,nm0005212,tt0182576
11,nm0005212,tt6094290
12,nm0005212,tt4155534
13,nm0005212,tt2771200
14,nm0005212,tt12174244
15,nm0005212,tt6427146
16,nm0005212,tt2582590
17,nm0005212,tt5842706
18,nm0005212,tt4247618
19,nm0005212,tt15157344
20,nm0005212,tt3168230
21,nm0005212,tt2310332
22,nm0005212,tt7126180
23,nm0005212,tt1877832
24,nm0005212,tt1942920
25,nm0005212,tt1170358
26,nm0005212,tt3356268
27,nm0005212,tt1430132
28,nm0005212,tt1784658
29,nm0005212,tt0436992
30,nm0005212,tt0903624
31,nm0005212,tt2298760
32,nm0005212,tt2117848
33,nm0005212,tt1897953
34,nm0005212,tt1583938
35,nm0005212,tt1602004
36,nm0005212,tt1553328
37,nm0005212,tt12140672
38,nm0005212,tt1571414
39,nm0005212,tt1043714
40,nm0005212,tt1401563
41,nm0005212,tt0159876
42,nm0005212,tt0385752
43,nm0005212,tt0486655
44,nm0005212,tt1023126
45,nm0005212,tt0481509
46,nm0005212,tt1058040
47,nm0005212,tt0424095
48,nm0005212,tt0445114
49,nm0005212,tt0376994
50,nm0005212,tt0382625
51,nm0005212,tt0763304
52,nm0005212,tt0339334
53,nm0005212,tt0419722
54,nm0005212,tt0418004
55,nm0005212,tt0053494
56,nm0005212,tt0348505
57,nm0005212,tt0412935
58,nm0005212,tt0415947
59,nm0005212,tt0199184
60,nm0005212,tt0398438
61,nm0005212,tt0167260
62,nm0005212,tt0096697
63,nm0005212,tt0387360
64,nm0005212,tt0338001
65,nm0005212,tt0290334
66,nm0005212,tt0167261
67,nm0005212,tt0347436
68,nm0005212,tt0120737
69,nm0005212,tt0120903
70,nm0005212,tt0213749
71,nm0005212,tt0167872
72,nm0005212,tt0289670
73,nm0005212,tt0118636
74,nm0005212,tt0120684
75,nm0005212,tt0120257
76,nm0005212,tt0118698
77,nm0005212,tt0117442
78,nm0005212,tt0114272
79,nm0005212,tt0114279
80,nm0005212,tt0113448
81,nm0005212,tt7143844
82,nm0005212,tt0112701
83,nm0005212,tt0111440
84,nm0005212,tt0111143
85,nm0005212,tt0110097
86,nm0005212,tt0108149
87,nm0005212,tt0106148
88,nm0005212,tt0106273
89,nm0005212,tt0106350
90,nm0005212,tt0107362
91,nm0005212,tt0820333
92,nm0005212,tt0204980
93,nm0005212,tt0098260
94,nm0005212,tt6786620
95,nm0005212,tt0096447
96,nm0005212,tt0090372
97,nm0005212,tt0089816
98,nm0005212,tt0085780
99,nm0005212,tt0092191
100,nm0005212,tt0084637
101,nm0005212,tt0383046
102,nm0005212,tt0082940
103,nm0005212,tt0165592
104,nm0005212,tt0969784
105,nm0005212,tt0762803
106,nm0005212,tt0079499
107,nm0005212,tt0177448
108,nm0005212,tt0298665
109,nm0005212,tt0165593
110,nm0005212,tt0070977
111,nm0005212,tt0297621
112,nm0005212,tt0068671
113,nm0005212,tt0065684
114,nm0005212,tt0066480
115,nm0005212,tt1685416
116,nm0005212,tt0262709
117,nm0005212,tt0064000
118,nm0005212,tt0065085
119,nm0005212,tt0327277
120,nm0005212,tt0328491
121,nm0005212,tt0058853
122,nm0005212,tt0298668
0,nm0001570,tt13821126
1,nm0001570,tt11564570
2,nm0001570,tt8847712
3,nm0001570,tt0385887
4,nm0001570,tt0437086
5,nm0001570,tt5846856
6,nm0001570,tt5104604
7,nm0001570,tt4682786
8,nm0001570,tt1700841
9,nm0001570,tt4788934
10,nm0001570,tt3530232
11,nm0001570,tt5786876
12,nm0001570,tt2562232
13,nm0001570,tt2278388
14,nm0001570,tt0072562
15,nm0001570,tt0096697
16,nm0001570,tt1194173
17,nm0001570,tt1748122
18,nm0001570,tt1645170
19,nm0001570,tt1423995
20,nm0001570,tt1442437
21,nm0001570,tt1151359
22,nm0001570,tt1058017
23,nm0001570,tt0482572
24,nm0001570,tt1221815
25,nm0001570,tt0800080
26,nm0001570,tt3492560
27,nm0001570,tt0446755
28,nm0001570,tt0443543
29,nm0001570,tt0443409
30,nm0001570,tt0398027
31,nm0001570,tt0320661
32,nm0001570,tt0367479
33,nm0001570,tt0317740
34,nm0001570,tt0307901
35,nm0001570,tt0289765
36,nm0001570,tt0120679
37,nm0001570,tt0266452
38,nm0001570,tt0227445
39,nm0001570,tt0171433
40,nm0001570,tt0137523
41,nm0001570,tt8884146
42,nm0001570,tt0128442
43,nm0001570,tt0120586
44,nm0001570,tt0117318
45,nm0001570,tt0116242
46,nm0001570,tt0117381
47,nm0001570,tt0947057
0,nm0000128,tt2965368
1,nm0000128,tt14200438
2,nm0000128,tt13629530
3,nm0000128,tt10268488
4,nm0000128,tt14714980
5,nm0000128,tt10648342
6,nm0000128,tt11240348
7,nm0000128,tt12361974
8,nm0000128,tt10059518
9,nm0000128,tt4844140
10,nm0000128,tt6821044
11,nm0000128,tt7008872
12,nm0000128,tt7895824
13,nm0000128,tt4758646
14,nm0000128,tt2345759
15,nm0000128,tt7532470
16,nm0000128,tt9881938
17,nm0000128,tt3799694
18,nm0000128,tt2582502
19,nm0000128,tt3007512
20,nm0000128,tt1959490
21,nm0000128,tt1837709
22,nm0000128,tt0770828
23,nm0000128,tt1235522
24,nm0000128,tt1707386
25,nm0000128,tt1258972
26,nm0000128,tt1297754
27,nm0000128,tt1458175
28,nm0000128,tt0955308
29,nm0000128,tt0473705
30,nm0000128,tt0494864
31,nm0000128,tt0758774
32,nm0000128,tt0765429
33,nm0000128,tt0381849
34,nm0000128,tt0401445
35,nm0000128,tt0352248
36,nm0000128,tt0311113
37,nm0000128,tt0268978
38,nm0000128,tt0228750
39,nm0000128,tt0172495
40,nm0000128,tt0140352
41,nm0000128,tt0134618
42,nm0000128,tt0118772
43,nm0000128,tt0119272
44,nm0000128,tt0119488
45,nm0000128,tt5243966
46,nm0000128,tt0114303
47,nm0000128,tt0114857
48,nm0000128,tt0117193
49,nm0000128,tt0114214
50,nm0000128,tt0111309
51,nm0000128,tt0109823
52,nm0000128,tt0108137
53,nm0000128,tt0107450
54,nm0000128,tt0101996
55,nm0000128,tt0103468
56,nm0000128,tt0105275
57,nm0000128,tt0098896
58,nm0000128,tt0101053
59,nm0000128,tt0102969
60,nm0000128,tt0102721
61,nm0000128,tt0122333
62,nm0000128,tt0099323
63,nm0000128,tt0100414
64,nm0000128,tt0313096
65,nm0000128,tt0088580
66,nm0000128,tt0092433
67,nm0000128,tt0074077
68,nm0000128,tt0126758
0,nm0000154,tt6111598
1,nm0000154,tt11242358
2,nm0000154,tt3954936
3,nm0000154,tt6486762
4,nm0000154,tt15690300
5,nm0000154,tt14824590
6,nm0000154,tt14439896
7,nm0000154,tt9853500
8,nm0000154,tt4029412
9,nm0000154,tt14168394
10,nm0000154,tt9244554
11,nm0000154,tt3876910
12,nm0000154,tt10310140
13,nm0000154,tt10308928
14,nm0000154,tt7638348
15,nm0000154,tt5932728
16,nm0000154,tt6491178
17,nm0000154,tt5657846
18,nm0000154,tt3647498
19,nm0000154,tt2333784
20,nm0000154,tt2002718
21,nm0000154,tt1567609
22,nm0000154,tt2113789
23,nm0000154,tt1321860
24,nm0000154,tt1226273
25,nm0000154,tt0411024
26,nm0000154,tt0338325
27,nm0000154,tt0314676
28,nm0000154,tt4056200
29,nm0000154,tt0286106
30,nm0000154,tt0277434
31,nm0000154,tt1954966
32,nm0000154,tt0207201
33,nm0000154,tt0187393
34,nm0000154,tt0120630
35,nm0000154,tt0120753
36,nm0000154,tt0096697
37,nm0000154,tt0120784
38,nm0000154,tt0122151
39,nm0000154,tt0119095
40,nm0000154,tt0118883
41,nm0000154,tt0119109
42,nm0000154,tt0117438
43,nm0000154,tt0114148
44,nm0000154,tt0112642
45,nm0000154,tt0112573
46,nm0000154,tt12174376
47,nm0000154,tt0110478
48,nm0000154,tt0107501
49,nm0000154,tt0290161
50,nm0000154,tt0104291
51,nm0000154,tt0104714
52,nm0000154,tt0099726
53,nm0000154,tt0099005
54,nm0000154,tt0099141
55,nm0000154,tt0097733
56,nm0000154,tt0096244
57,nm0000154,tt0093409
58,nm0000154,tt0089530
59,nm0000154,tt0087751
60,nm0000154,tt0088007
61,nm0000154,tt0086993
62,nm0000154,tt0086617
63,nm0000154,tt0082694
64,nm0000154,tt0900891
65,nm0000154,tt0082432
66,nm0000154,tt0083591
67,nm0000154,tt0081920
68,nm0000154,tt0080513
69,nm0000154,tt0080024
70,nm0000154,tt0079501
71,nm0000154,tt3238528
72,nm0000154,tt0082201
73,nm0000154,tt0075281
74,nm0000154,tt0076780
0,nm0000206,tt3969420
1,nm0000206,tt12844100
2,nm0000206,tt10366206
3,nm0000206,tt8912936
4,nm0000206,tt10838180
5,nm0000206,tt3810192
6,nm0000206,tt1086064
7,nm0000206,tt4823776
8,nm0000206,tt9398640
9,nm0000206,tt1979376
10,nm0000206,tt7374948
11,nm0000206,tt6146586
12,nm0000206,tt4154916
13,nm0000206,tt6987770
14,nm0000206,tt6494418
15,nm0000206,tt5324116
16,nm0000206,tt5228262
17,nm0000206,tt8138184
18,nm0000206,tt4425200
19,nm0000206,tt5541240
20,nm0000206,tt11377126
21,nm0000206,tt6358260
22,nm0000206,tt4334266
23,nm0000206,tt1974419
24,nm0000206,tt3503406
25,nm0000206,tt4139124
26,nm0000206,tt5376424
27,nm0000206,tt4019560
28,nm0000206,tt3546436
29,nm0000206,tt3605418
30,nm0000206,tt2911666
31,nm0000206,tt9130252
32,nm0000206,tt1335975
33,nm0000206,tt2016940
34,nm0000206,tt1718158
35,nm0000206,tt1220888
36,nm0000206,tt1300926
37,nm0000206,tt1134629
38,nm0000206,tt0970416
39,nm0000206,tt0421073
40,nm0000206,tt0410297
41,nm0000206,tt0405296
42,nm0000206,tt2092429
43,nm0000206,tt0360486
44,nm0000206,tt0318761
45,nm0000206,tt0436262
46,nm0000206,tt0337741
47,nm0000206,tt0242653
48,nm0000206,tt0368574
49,nm0000206,tt0277828
50,nm0000206,tt0234215
51,nm0000206,tt0328832
52,nm0000206,tt0180734
53,nm0000206,tt0230838
54,nm0000206,tt0219699
55,nm0000206,tt0204626
56,nm0000206,tt0191397
57,nm0000206,tt0160518
58,nm0000206,tt0206467
59,nm0000206,tt0133093
60,nm0000206,tt0118971
61,nm0000206,tt0119502
62,nm0000206,tt0116289
63,nm0000206,tt0115857
64,nm0000206,tt0114887
65,nm0000206,tt0113481
66,nm0000206,tt0111257
67,nm0000206,tt0107426
68,nm0000206,tt0106834
69,nm0000206,tt0107616
70,nm0000206,tt0109838
71,nm0000206,tt0103874
72,nm0000206,tt3267018
73,nm0000206,tt0102494
74,nm0000206,tt0101452
75,nm0000206,tt0102685
76,nm0000206,tt0175080
77,nm0000206,tt0098752
78,nm0000206,tt0100822
79,nm0000206,tt0099819
80,nm0000206,tt0092469
81,nm0000206,tt0098067
82,nm0000206,tt0176357
83,nm0000206,tt0096928
84,nm0000206,tt0094947
85,nm0000206,tt0095903
86,nm0000206,tt0095853
87,nm0000206,tt0095730
88,nm0000206,tt10850630
89,nm0000206,tt10854680
90,nm0000206,tt0190206
91,nm0000206,tt10854492
92,nm0000206,tt0090683
93,nm0000206,tt0092134
94,nm0000206,tt0091860
95,nm0000206,tt0090775
96,nm0000206,tt0091065
97,nm0000206,tt0046593
98,nm0000206,tt0090588
99,nm0000206,tt0092272
100,nm0000206,tt0223844
101,nm0000206,tt0341142
102,nm0000206,tt0089480
103,nm0000206,tt0088582
104,nm0000206,tt10854570
105,nm0000206,tt0335674
0,nm0000199,tt1371129
1,nm0000199,tt15384508
2,nm0000199,tt11214590
3,nm0000199,tt7050946
4,nm0000199,tt7456722
5,nm0000199,tt1302006
6,nm0000199,tt7131622
7,nm0000199,tt2388986
8,nm0000199,tt3011960
9,nm0000199,tt5126922
10,nm0000199,tt3658772
11,nm0000199,tt1772288
12,nm0000199,tt2893490
13,nm0000199,tt1568343
14,nm0000199,tt3112900
15,nm0000199,tt1745862
16,nm0000199,tt1859476
17,nm0000199,tt1389096
18,nm0000199,tt0810913
19,nm0000199,tt1535612
20,nm0000199,tt1132623
21,nm0000199,tt1034331
22,nm0000199,tt0496806
23,nm0000199,tt0411061
24,nm0000199,tt0417217
25,nm0000199,tt0379889
26,nm0000199,tt0318997
27,nm0000199,tt0299930
28,nm0000199,tt0292506
29,nm0000199,tt0274711
30,nm0000199,tt0258153
31,nm0000199,tt0278504
32,nm0000199,tt0118852
33,nm0000199,tt0146838
34,nm0000199,tt0140352
35,nm0000199,tt0118971
36,nm0000199,tt0119008
37,nm0000199,tt0115907
38,nm0000199,tt0113277
39,nm0000199,tt0114753
40,nm0000199,tt0106519
41,nm0000199,tt0105323
42,nm0000199,tt0104348
43,nm0000199,tt0101912
44,nm0000199,tt0099674
45,nm0000199,tt0099422
46,nm0000199,tt0097769
47,nm0000199,tt0098273
48,nm0000199,tt0089913
49,nm0000199,tt0086250
50,nm0000199,tt0083598
51,nm0000199,tt0080569
52,nm0000199,tt0078718
53,nm0000199,tt0809488
54,nm0000199,tt0075774
55,nm0000199,tt0072890
56,nm0000199,tt0071562
57,nm0000199,tt0070666
58,nm0000199,tt0070643
59,nm0000199,tt0068646
60,nm0000199,tt0067549
61,nm0000199,tt0064651
62,nm0000199,tt0061282
0,nm0000197,tt1341188
1,nm0000197,tt1356864
2,nm0000197,tt0825232
3,nm0000197,tt3492560
4,nm0000197,tt0407887
5,nm0000197,tt0381851
6,nm0000197,tt0337741
7,nm0000197,tt0305224
8,nm0000197,tt0257360
9,nm0000197,tt0237572
10,nm0000197,tt0072562
11,nm0000197,tt0119822
12,nm0000197,tt0116996
13,nm0000197,tt0116240
14,nm0000197,tt0115710
15,nm0000197,tt0112744
16,nm0000197,tt0111742
17,nm0000197,tt0104427
18,nm0000197,tt0104257
19,nm0000197,tt0104804
20,nm0000197,tt0100828
21,nm0000197,tt0096895
22,nm0000197,tt0093277
23,nm0000197,tt0092699
24,nm0000197,tt0291145
25,nm0000197,tt0094332
26,nm0000197,tt0091188
27,nm0000197,tt0089841
28,nm0000197,tt0086425
29,nm0000197,tt0083678
30,nm0000197,tt0082979
31,nm0000197,tt0082934
32,nm0000197,tt0081505
33,nm0000197,tt0077621
34,nm0000197,tt0074777
35,nm0000197,tt0074906
36,nm0000197,tt0073486
37,nm0000197,tt0073008
38,nm0000197,tt0073812
39,nm0000197,tt0073580
40,nm0000197,tt0071315
41,nm0000197,tt0070290
42,nm0000197,tt0068805
43,nm0000197,tt0067699
44,nm0000197,tt0066892
45,nm0000197,tt12054702
46,nm0000197,tt0065724
47,nm0000197,tt0066181
48,nm0000197,tt0066286
49,nm0000197,tt0064276
50,nm0000197,tt0063049
51,nm0000197,tt0063469
52,nm0000197,tt0053479
53,nm0000197,tt0061259
54,nm0000197,tt0062301
55,nm0000197,tt0061758
56,nm0000197,tt0059653
57,nm0000197,tt0062262
58,nm0000197,tt0054535
59,nm0000197,tt0057864
60,nm0000197,tt0060418
61,nm0000197,tt0058060
62,nm0000197,tt0057569
63,nm0000197,tt0057449
64,nm0000197,tt0885503
65,nm0000197,tt0055811
66,nm0000197,tt0052472
67,nm0000197,tt4838638
68,nm0000197,tt0051261
69,nm0000197,tt0051311
70,nm0000197,tt0050066
71,nm0000197,tt0054348
72,nm0000197,tt0053483
73,nm0000197,tt0054033
74,nm0000197,tt0054475
75,nm0000197,tt0052494
76,nm0000197,tt0054392
77,nm0000197,tt0051500
78,nm0000197,tt0047756
0,nm0362766,tt13392388
1,nm0362766,tt4575512
2,nm0362766,tt6659386
3,nm0362766,tt14123284
4,nm0362766,tt7097896
5,nm0362766,tt6199572
6,nm0362766,tt2442560
7,nm0362766,tt1270797
8,nm0362766,tt4817296
9,nm0362766,tt5013056
10,nm0362766,tt3647998
11,nm0362766,tt1663202
12,nm0362766,tt3569230
13,nm0362766,tt3573598
14,nm0362766,tt1392190
15,nm0362766,tt1014763
16,nm0362766,tt1600196
17,nm0362766,tt2692904
18,nm0362766,tt1345836
19,nm0362766,tt1212450
20,nm0362766,tt1596350
21,nm0362766,tt1291584
22,nm0362766,tt1340800
23,nm0362766,tt1798247
24,nm0362766,tt1375666
25,nm0362766,tt1583943
26,nm0362766,tt14585816
27,nm0362766,tt1366321
28,nm0362766,tt1238834
29,nm0362766,tt1112782
30,nm0362766,tt1172570
31,nm0362766,tt1032755
32,nm0362766,tt0762137
33,nm0362766,tt1065309
34,nm0362766,tt1095408
35,nm0362766,tt0853153
36,nm0362766,tt0804552
37,nm0362766,tt0865546
38,nm0362766,tt0790665
39,nm0362766,tt0475380
40,nm0362766,tt0422720
41,nm0362766,tt0770442
42,nm0362766,tt0415160
43,nm0362766,tt0481459
44,nm0362766,tt0479760
45,nm0362766,tt1561362
46,nm0362766,tt0487907
47,nm0362766,tt0415407
48,nm0362766,tt0375912
49,nm0362766,tt0398037
50,nm0362766,tt0337659
51,nm0362766,tt0326835
52,nm0362766,tt0258816
53,nm0362766,tt0253754
54,nm0362766,tt0313608
55,nm0362766,tt0265086
56,nm0362766,tt0185906
57,nm0362766,tt5947410
58,nm0362766,tt5947420
0,nm0000237,tt14656632
1,nm0000237,tt14084160
2,nm0000237,tt10726424
3,nm0000237,tt7869070
4,nm0000237,tt10742930
5,nm0000237,tt5862166
6,nm0000237,tt7052494
7,nm0000237,tt6749318
8,nm0000237,tt1801552
9,nm0000237,tt3212232
10,nm0000237,tt2788432
11,nm0000237,tt3608930
12,nm0000237,tt6191810
13,nm0000237,tt3687310
14,nm0000237,tt3727202
15,nm0000237,tt2376218
16,nm0000237,tt2520946
17,nm0000237,tt1480295
18,nm0000237,tt11852776
19,nm0000237,tt1615065
20,nm0000237,tt1179034
21,nm0000237,tt0976238
22,nm0000237,tt1111422
23,nm0000237,tt0397892
24,nm0000237,tt0427327
25,nm0000237,tt0486946
26,nm0000237,tt0441774
27,nm0000237,tt0401623
28,nm0000237,tt0377471
29,nm0000237,tt0349710
30,nm0000237,tt0369672
31,nm0000237,tt0330793
32,nm0000237,tt0264395
33,nm0000237,tt0295178
34,nm0000237,tt0249478
35,nm0000237,tt0244244
36,nm0000237,tt0111945
37,nm0000237,tt0219952
38,nm0000237,tt0185183
39,nm0000237,tt0144214
40,nm0000237,tt0248271
41,nm0000237,tt0120633
42,nm0000237,tt0120863
43,nm0000237,tt0169376
44,nm0000237,tt0119942
45,nm0000237,tt0119592
46,nm0000237,tt0119094
47,nm0000237,tt0120112
48,nm0000237,tt0117038
49,nm0000237,tt0117333
50,nm0000237,tt0115759
51,nm0000237,tt0113161
52,nm0000237,tt0114928
53,nm0000237,tt0110912
54,nm0000237,tt0107438
55,nm0000237,tt0101500
56,nm0000237,tt0102913
57,nm0000237,tt0101844
58,nm0000237,tt0100050
59,nm0000237,tt0101560
60,nm0000237,tt0097778
61,nm0000237,tt0097314
62,nm0000237,tt0092620
63,nm0000237,tt11973620
64,nm0000237,tt0089798
65,nm0000237,tt0283517
66,nm0000237,tt6816190
67,nm0000237,tt0086494
68,nm0000237,tt6816172
69,nm0000237,tt0086361
70,nm0000237,tt0082085
71,nm0000237,tt0081696
72,nm0000237,tt0072582
73,nm0000237,tt0077942
74,nm0000237,tt0077631
75,nm0000237,tt0076666
76,nm0000237,tt0074236
77,nm0000237,tt0074285
78,nm0000237,tt0074027
79,nm0000237,tt0075320
80,nm0000237,tt0072869
81,nm0000237,tt0063928
82,nm0000237,tt0071911
83,nm0000237,tt0068126
84,nm0000237,tt0066696
85,nm0000237,tt0068067
0,nm0000104,tt1289417
1,nm0000104,tt1462764
2,nm0000104,tt14857730
3,nm0000104,tt15438542
4,nm0000104,tt3915174
5,nm0000104,tt1464335
6,nm0000104,tt11700260
7,nm0000104,tt8385148
8,nm0000104,tt6673612
9,nm0000104,tt5865326
10,nm0000104,tt10916366
11,nm0000104,tt8291806
12,nm0000104,tt5989218
13,nm0000104,tt5673782
14,nm0000104,tt5629524
15,nm0000104,tt6204340
16,nm0000104,tt6288694
17,nm0000104,tt6950338
18,nm0000104,tt3910736
19,nm0000104,tt3244786
20,nm0000104,tt2090465
21,nm0000104,tt3501112
22,nm0000104,tt3014910
23,nm0000104,tt2006295
24,nm0000104,tt2101383
25,nm0000104,tt2279373
26,nm0000104,tt1971325
27,nm0000104,tt2333784
28,nm0000104,tt2002718
29,nm0000104,tt1639826
30,nm0000104,tt2243389
31,nm0000104,tt2111994
32,nm0000104,tt1839492
33,nm0000104,tt2268617
34,nm0000104,tt1506999
35,nm0000104,tt1701210
36,nm0000104,tt0448694
37,nm0000104,tt1517489
38,nm0000104,tt1189073
39,nm0000104,tt9583666
40,nm0000104,tt1830577
41,nm0000104,tt1307873
42,nm0000104,tt1725156
43,nm0000104,tt1182350
44,nm0000104,tt0892791
45,nm0000104,tt1112782
46,nm0000104,tt0974613
47,nm0000104,tt0780534
48,nm0000104,tt0897387
49,nm0000104,tt0413267
50,nm0000104,tt0445935
51,nm0000104,tt1695145
52,nm0000104,tt0446046
53,nm0000104,tt0386140
54,nm0000104,tt0438844
55,nm0000104,tt0298148
56,nm0000104,tt0314197
57,nm0000104,tt0337824
58,nm0000104,tt0285823
59,nm0000104,tt0338459
60,nm0000104,tt0308208
61,nm0000104,tt0120679
62,nm0000104,tt0287717
63,nm0000104,tt0280665
64,nm0000104,tt0218922
65,nm0000104,tt0227538
66,nm0000104,tt0201485
67,nm0000104,tt0196857
68,nm0000104,tt0162766
69,nm0000104,tt0120657
70,nm0000104,tt0120746
71,nm0000104,tt10521134
72,nm0000104,tt0116250
73,nm0000104,tt0118001
74,nm0000104,tt0113965
75,nm0000104,tt0112401
76,nm0000104,tt0113101
77,nm0000104,tt0112851
78,nm0000104,tt0113808
79,nm0000104,tt0110148
80,nm0000104,tt0110712
81,nm0000104,tt0107818
82,nm0000104,tt0107151
83,nm0000104,tt0108670
84,nm0000104,tt0107012
85,nm0000104,tt2979006
86,nm0000104,tt0102477
87,nm0000104,tt0104802
88,nm0000104,tt0103065
89,nm0000104,tt0099298
90,nm0000104,tt0095670
91,nm0000104,tt0092509
92,nm0000104,tt0101026
93,nm0000104,tt0096938
94,nm0000104,tt0098324
95,nm0000104,tt0094705
96,nm0000104,tt0094822
97,nm0000104,tt0093747
98,nm0000104,tt0095675
99,nm0000104,tt0090668
100,nm0000104,tt0093412
101,nm0000104,tt0090926
102,nm0000104,tt0090561
103,nm0000104,tt0091805
104,nm0000104,tt0091495
105,nm0000104,tt0088887
106,nm0000104,tt0088954
107,nm0000104,tt0089946
108,nm0000104,tt0088443
109,nm0000104,tt0385415
110,nm0000104,tt0086293
111,nm0000104,tt0085308
112,nm0000104,tt0086612
113,nm0000104,tt0084228
114,nm0000104,tt0084490
0,nm0000129,tt1123441
1,nm0000129,tt5617712
2,nm0000129,tt15073568
3,nm0000129,tt9603208
4,nm0000129,tt9603212
5,nm0000129,tt1745960
6,nm0000129,tt4912910
7,nm0000129,tt3532216
8,nm0000129,tt2345759
9,nm0000129,tt3393786
10,nm0000129,tt2381249
11,nm0000129,tt1631867
12,nm0000129,tt1483013
13,nm0000129,tt0790724
14,nm0000129,tt1336608
15,nm0000129,tt1229238
16,nm0000129,tt1013743
17,nm0000129,tt0985699
18,nm0000129,tt0942385
19,nm0000129,tt0891527
20,nm0000129,tt0317919
21,nm0000129,tt0407304
22,nm0000129,tt0369339
23,nm0000129,tt0325710
24,nm0000129,tt0295178
25,nm0000129,tt0181689
26,nm0000129,tt0259711
27,nm0000129,tt0120755
28,nm0000129,tt0175880
29,nm0000129,tt5094696
30,nm0000129,tt0120663
31,nm0000129,tt0116695
32,nm0000129,tt0117060
33,nm0000129,tt0110148
34,nm0000129,tt0106918
35,nm0000129,tt0104257
36,nm0000129,tt0104231
37,nm0000129,tt0099371
38,nm0000129,tt0096969
39,nm0000129,tt0095953
40,nm0000129,tt0094889
41,nm0000129,tt0090863
42,nm0000129,tt0092099
43,nm0000129,tt0089469
44,nm0000129,tt0085154
45,nm0000129,tt0086200
46,nm0000129,tt0086066
47,nm0000129,tt0085868
48,nm0000129,tt0083169
49,nm0000129,tt0082329
0,nm0000115,tt11358390
1,nm0000115,tt1462759
2,nm0000115,tt8593824
3,nm0000115,tt14827638
4,nm0000115,tt11291274
5,nm0000115,tt13060064
6,nm0000115,tt11003218
7,nm0000115,tt8114980
8,nm0000115,tt6372694
9,nm0000115,tt2850386
10,nm0000115,tt9624766
11,nm0000115,tt8380776
12,nm0000115,tt7394816
13,nm0000115,tt8535180
14,nm0000115,tt5792656
15,nm0000115,tt5073642
16,nm0000115,tt3758162
17,nm0000115,tt4633694
18,nm0000115,tt7295450
19,nm0000115,tt7424200
20,nm0000115,tt4976192
21,nm0000115,tt6083648
22,nm0000115,tt6998518
23,nm0000115,tt10690676
24,nm0000115,tt6143568
25,nm0000115,tt5462326
26,nm0000115,tt3481634
27,nm0000115,tt5460530
28,nm0000115,tt5580536
29,nm0000115,tt4382824
30,nm0000115,tt2032572
31,nm0000115,tt3774114
32,nm0000115,tt4054654
33,nm0000115,tt3733774
34,nm0000115,tt3733778
35,nm0000115,tt3687398
36,nm0000115,tt1274586
37,nm0000115,tt2467046
38,nm0000115,tt1552224
39,nm0000115,tt2401807
40,nm0000115,tt2382396
41,nm0000115,tt0481499
42,nm0000115,tt2005374
43,nm0000115,tt1656186
44,nm0000115,tt1071875
45,nm0000115,tt1674784
46,nm0000115,tt1214962
47,nm0000115,tt1502404
48,nm0000115,tt0479997
49,nm0000115,tt0963966
50,nm0000115,tt1250777
51,nm0000115,tt0375568
52,nm0000115,tt1095217
53,nm0000115,tt0436339
54,nm0000115,tt0448011
55,nm0000115,tt0814022
56,nm0000115,tt0465234
57,nm0000115,tt0435705
58,nm0000115,tt12409886
59,nm0000115,tt0462322
60,nm0000115,tt0259324
61,nm0000115,tt0450345
62,nm0000115,tt0469641
63,nm0000115,tt0429589
64,nm0000115,tt0384680
65,nm0000115,tt0399295
66,nm0000115,tt0368891
67,nm0000115,tt0325805
68,nm0000115,tt0268126
69,nm0000115,tt0305973
70,nm0000115,tt0245562
71,nm0000115,tt0259929
72,nm0000115,tt0238112
73,nm0000115,tt0218967
74,nm0000115,tt0187078
75,nm0000115,tt0163988
76,nm0000115,tt0134273
77,nm0000115,tt0120832
78,nm0000115,tt0120632
79,nm0000115,tt0119094
80,nm0000115,tt0118880
81,nm0000115,tt0117500
82,nm0000115,tt0113627
83,nm0000115,tt0113552
84,nm0000115,tt0111477
85,nm0000115,tt0110167
86,nm0000115,tt0109951
87,nm0000115,tt0106684
88,nm0000115,tt0105226
89,nm0000115,tt0106266
90,nm0000115,tt0104438
91,nm0000115,tt0101004
92,nm0000115,tt0099844
93,nm0000115,tt0099575
94,nm0000115,tt0100935
95,nm0000115,tt0100762
96,nm0000115,tt0095722
97,nm0000115,tt0098577
98,nm0000115,tt0093565
99,nm0000115,tt0093822
100,nm0000115,tt0091738
101,nm0000115,tt0090769
102,nm0000115,tt0086969
103,nm0000115,tt0087089
104,nm0000115,tt0087968
105,nm0000115,tt0086216
106,nm0000115,tt0086525
107,nm0000115,tt0083929
108,nm0000115,tt0082064
0,nm0000243,tt10095582
1,nm0000243,tt10016180
2,nm0000243,tt3766354
3,nm0000243,tt6000478
4,nm0000243,tt2671706
5,nm0000243,tt2404435
6,nm0000243,tt0455944
7,nm0000243,tt1272878
8,nm0000243,tt1907668
9,nm0000243,tt1599348
10,nm0000243,tt0477080
11,nm0000243,tt1037705
12,nm0000243,tt1111422
13,nm0000243,tt0427309
14,nm0000243,tt0765429
15,nm0000243,tt0453467
16,nm0000243,tt0454848
17,nm0000243,tt0368008
18,nm0000243,tt0328107
19,nm0000243,tt0313443
20,nm0000243,tt0168786
21,nm0000243,tt0251160
22,nm0000243,tt0139654
23,nm0000243,tt0210945
24,nm0000243,tt0174856
25,nm0000243,tt0145681
26,nm0000243,tt0133952
27,nm0000243,tt0124718
28,nm0000243,tt0119099
29,nm0000243,tt0111996
30,nm0000243,tt0325842
31,nm0000243,tt0117372
32,nm0000243,tt0115956
33,nm0000243,tt0112857
34,nm0000243,tt0114857
35,nm0000243,tt0112740
36,nm0000243,tt13107436
37,nm0000243,tt0107818
38,nm0000243,tt0107798
39,nm0000243,tt0107616
40,nm0000243,tt0104797
41,nm0000243,tt0159876
42,nm0000243,tt13107376
43,nm0000243,tt0102789
44,nm0000243,tt0102456
45,nm0000243,tt0100168
46,nm0000243,tt0099750
47,nm0000243,tt0097441
48,nm0000243,tt0097880
49,nm0000243,tt0097373
50,nm0000243,tt0083483
51,nm0000243,tt0092804
52,nm0000243,tt0091106
53,nm0000243,tt0091786
54,nm0000243,tt0088146
55,nm0000243,tt0087617
56,nm0000243,tt0082138
57,nm0000243,tt0078999
58,nm0000243,tt0079161
59,nm0000243,tt0076923
0,nm0000228,tt15005606
1,nm0000228,tt7221090
2,nm0000228,tt9383986
3,nm0000228,tt11496186
4,nm0000228,tt9495238
5,nm0000228,tt5179598
6,nm0000228,tt1856010
7,nm0000228,tt3890160
8,nm0000228,tt4986134
9,nm0000228,tt8501970
10,nm0000228,tt7118264
11,nm0000228,tt4383594
12,nm0000228,tt2093991
13,nm0000228,tt2170439
14,nm0000228,tt3707110
15,nm0000228,tt5786876
16,nm0000228,tt6715438
17,nm0000228,tt2187474
18,nm0000228,tt2174736
19,nm0000228,tt0364151
20,nm0000228,tt2400437
21,nm0000228,tt1032763
22,nm0000228,tt1499658
23,nm0000228,tt2066119
24,nm0000228,tt1615147
25,nm0000228,tt1194417
26,nm0000228,tt1949718
27,nm0000228,tt1381505
28,nm0000228,tt1234548
29,nm0000228,tt1182345
30,nm0000228,tt1247692
31,nm0000228,tt1068669
32,nm0000228,tt1323904
33,nm0000228,tt1000771
34,nm0000228,tt0478087
35,nm0000228,tt1239372
36,nm0000228,tt0486583
37,nm0000228,tt0772202
38,nm0000228,tt0348150
39,nm0000228,tt1809373
40,nm0000228,tt0389957
41,nm0000228,tt0363473
42,nm0000228,tt0361185
43,nm0000228,tt0289992
44,nm0000228,tt0301976
45,nm0000228,tt0295178
46,nm0000228,tt0318766
47,nm0000228,tt0120824
48,nm0000228,tt0272152
49,nm0000228,tt0280105
50,nm0000228,tt0223897
51,nm0000228,tt0160611
52,nm0000228,tt0189584
53,nm0000228,tt0169547
54,nm0000228,tt0120623
55,nm0000228,tt0119336
56,nm0000228,tt0120768
57,nm0000228,tt0119668
58,nm0000228,tt0119488
59,nm0000228,tt0117913
60,nm0000228,tt0114369
61,nm0000228,tt0114069
62,nm0000228,tt0114814
63,nm0000228,tt9077632
64,nm0000228,tt0114594
65,nm0000228,tt0109650
66,nm0000228,tt0110955
67,nm0000228,tt0110157
68,nm0000228,tt0106161
69,nm0000228,tt0104006
70,nm0000228,tt0104348
71,nm0000228,tt0090466
72,nm0000228,tt0101666
73,nm0000228,tt0100921
74,nm0000228,tt0099762
75,nm0000228,tt0100606
76,nm0000228,tt0099538
77,nm0000228,tt0097142
78,nm0000228,tt0098282
79,nm0000228,tt0096720
80,nm0000228,tt0096463
81,nm0000228,tt0096003
82,nm0000228,tt0092484
83,nm0000228,tt0095678
84,nm0000228,tt0090410
85,nm0000228,tt0093432
86,nm0000228,tt0088513
87,nm0000228,tt0091188
0,nm0000375,tt2094116
1,nm0000375,tt14404618
2,nm0000375,tt15398776
3,nm0000375,tt2461172
4,nm0000375,tt6673612
5,nm0000375,tt4154796
6,nm0000375,tt4154756
7,nm0000375,tt2250912
8,nm0000375,tt7006122
9,nm0000375,tt3799694
10,nm0000375,tt3498820
11,nm0000375,tt2395427
12,nm0000375,tt1872194
13,nm0000375,tt2883512
14,nm0000375,tt1300854
15,nm0000375,tt0848228
16,nm0000375,tt1515091
17,nm0000375,tt1231583
18,nm0000375,tt1686782
19,nm0000375,tt1228705
20,nm0000375,tt0988045
21,nm0000375,tt0821642
22,nm0000375,tt1286750
23,nm0000375,tt0942385
24,nm0000375,tt0800080
25,nm0000375,tt1233205
26,nm0000375,tt0371746
27,nm0000375,tt0423977
28,nm0000375,tt0338216
29,nm0000375,tt3492560
30,nm0000375,tt0443706
31,nm0000375,tt0422295
32,nm0000375,tt0405296
33,nm0000375,tt0393735
34,nm0000375,tt0473488
35,nm0000375,tt0182576
36,nm0000375,tt0433383
37,nm0000375,tt0373469
38,nm0000375,tt0425055
39,nm0000375,tt0343663
40,nm0000375,tt3447362
41,nm0000375,tt0348836
42,nm0000375,tt0344554
43,nm0000375,tt0314676
44,nm0000375,tt0118254
45,nm0000375,tt0358565
46,nm0000375,tt6779544
47,nm0000375,tt6322486
48,nm0000375,tt0403851
49,nm0000375,tt0185014
50,nm0000375,tt0165643
51,nm0000375,tt0131325
52,nm0000375,tt0143261
53,nm0000375,tt0120710
54,nm0000375,tt0120873
55,nm0000375,tt0119196
56,nm0000375,tt0119327
57,nm0000375,tt0124179
58,nm0000375,tt0119832
59,nm0000375,tt0116016
60,nm0000375,tt0114272
61,nm0000375,tt0124013
62,nm0000375,tt0113321
63,nm0000375,tt0114279
64,nm0000375,tt0110737
65,nm0000375,tt0110632
66,nm0000375,tt0109969
67,nm0000375,tt0108122
68,nm0000375,tt0107091
69,nm0000375,tt0103939
70,nm0000375,tt0102951
71,nm0000375,tt0103100
72,nm0000375,tt0099005
73,nm0000375,tt0097044
74,nm0000375,tt0098524
75,nm0000375,tt0098464
76,nm0000375,tt0094594
77,nm0000375,tt0095409
78,nm0000375,tt0093407
79,nm0000375,tt0095978
80,nm0000375,tt0093737
81,nm0000375,tt0090629
82,nm0000375,tt0090685
83,nm0000375,tt0072562
84,nm0000375,tt0253020
85,nm0000375,tt0088579
86,nm0000375,tt0090305
87,nm0000375,tt0089208
88,nm0000375,tt0090213
89,nm0000375,tt0087263
90,nm0000375,tt0085208
91,nm0000375,tt0081695
92,nm0000375,tt0068659
93,nm0000375,tt0066234
0,nm0000288,tt15297676
1,nm0000288,tt14138650
2,nm0000288,tt10304142
3,nm0000288,tt10648342
4,nm0000288,tt1950186
5,nm0000288,tt6266538
6,nm0000288,tt2388771
7,nm0000288,tt5478478
8,nm0000288,tt4776998
9,nm0000288,tt1596363
10,nm0000288,tt2101383
11,nm0000288,tt1528100
12,nm0000288,tt1800241
13,nm0000288,tt1206543
14,nm0000288,tt1345836
15,nm0000288,tt1410063
16,nm0000288,tt0964517
17,nm0000288,tt1152836
18,nm0000288,tt0438488
19,nm0000288,tt0468569
20,nm0000288,tt0368794
21,nm0000288,tt0381849
22,nm0000288,tt0482571
23,nm0000288,tt0462504
24,nm0000288,tt0402399
25,nm0000288,tt0450392
26,nm0000288,tt0372784
27,nm0000288,tt0433387
28,nm0000288,tt0347149
29,nm0000288,tt0361862
30,nm0000288,tt0238380
31,nm0000288,tt0253556
32,nm0000288,tt0298408
33,nm0000288,tt0238112
34,nm0000288,tt0162650
35,nm0000288,tt0144084
36,nm0000288,tt0214930
37,nm0000288,tt0140379
38,nm0000288,tt0120584
39,nm0000288,tt0120879
40,nm0000288,tt0119665
41,nm0000288,tt0117582
42,nm0000288,tt0117364
43,nm0000288,tt0114148
44,nm0000288,tt0110367
45,nm0000288,tt0110891
46,nm0000288,tt0108265
47,nm0000288,tt0104990
48,nm0000288,tt0102485
49,nm0000288,tt0100813
50,nm0000288,tt0097499
51,nm0000288,tt0092965
52,nm0000288,tt0093543
53,nm0000288,tt0090446
54,nm0000288,tt0090638
0,nm0000216,tt7974256
1,nm0000216,tt2479722
2,nm0000216,tt2334867
3,nm0000216,tt13064902
4,nm0000216,tt5765844
5,nm0000216,tt10408914
6,nm0000216,tt10437042
7,nm0000216,tt6450804
8,nm0000216,tt6218010
9,nm0000216,tt13389722
10,nm0000216,tt10922386
11,nm0000216,tt5689068
12,nm0000216,tt4581576
13,nm0000216,tt16253706
14,nm0000216,tt4824394
15,nm0000216,tt2039625
16,nm0000216,tt1340138
17,nm0000216,tt1881002
18,nm0000216,tt0369179
19,nm0000216,tt8935200
20,nm0000216,tt8935206
21,nm0000216,tt2333784
22,nm0000216,tt4916238
23,nm0000216,tt1742334
24,nm0000216,tt8290264
25,nm0000216,tt1211956
26,nm0000216,tt1549920
27,nm0000216,tt1764651
28,nm0000216,tt1320253
29,nm0000216,tt0416891
30,nm0000216,tt0327437
31,nm0000216,tt0364056
32,nm0000216,tt0327850
33,nm0000216,tt0181852
34,nm0000216,tt0337550
35,nm0000216,tt0233469
36,nm0000216,tt15739442
37,nm0000216,tt0216216
38,nm0000216,tt7043958
39,nm0000216,tt0146675
40,nm0000216,tt0118688
41,nm0000216,tt0116705
42,nm0000216,tt0116213
43,nm0000216,tt0117880
44,nm0000216,tt0110216
45,nm0000216,tt0111503
46,nm0000216,tt15738638
47,nm0000216,tt0138322
48,nm0000216,tt0107362
49,nm0000216,tt8673008
50,nm0000216,tt0106673
51,nm0000216,tt0104732
52,nm0000216,tt0103961
53,nm0000216,tt8721720
54,nm0000216,tt0244839
55,nm0000216,tt5707430
56,nm0000216,tt0103064
57,nm0000216,tt8721718
58,nm0000216,tt0099938
59,nm0000216,tt0100802
60,nm0000216,tt0096708
61,nm0000216,tt0096320
62,nm0000216,tt0095963
63,nm0000216,tt0093773
64,nm0000216,tt0093894
65,nm0000216,tt0091828
66,nm0000216,tt8571360
67,nm0000216,tt0088944
68,nm0000216,tt0089893
69,nm0000216,tt0088247
70,nm0000216,tt0087078
71,nm0000216,tt0082198
72,nm0000216,tt13068070
73,nm0000216,tt0080947
74,nm0000216,tt0079858
75,nm0000216,tt0080097
76,nm0000216,tt0075575
77,nm0000216,tt0068135
78,nm0000216,tt0075268
79,nm0000216,tt0438076
80,nm0000216,tt0070334
81,nm0000216,tt0065832
0,nm0000246,tt14577304
1,nm0000246,tt14656632
2,nm0000246,tt14686544
3,nm0000246,tt15391770
4,nm0000246,tt14555174
5,nm0000246,tt14849038
6,nm0000246,tt15837458
7,nm0000246,tt14412366
8,nm0000246,tt14174168
9,nm0000246,tt13496236
10,nm0000246,tt14577300
11,nm0000246,tt10957044
12,nm0000246,tt1697068
13,nm0000246,tt13265876
14,nm0000246,tt12861508
15,nm0000246,tt12528166
16,nm0000246,tt11656220
17,nm0000246,tt11762434
18,nm0000246,tt9820556
19,nm0000246,tt13316066
20,nm0000246,tt11656172
21,nm0000246,tt10303324
22,nm0000246,tt9625664
23,nm0000246,tt8809652
24,nm0000246,tt9398640
25,nm0000246,tt0385887
26,nm0000246,tt5691552
27,nm0000246,tt3513498
28,nm0000246,tt6823368
29,nm0000246,tt4743226
30,nm0000246,tt6547170
31,nm0000246,tt1137450
32,nm0000246,tt6684714
33,nm0000246,tt5884234
34,nm0000246,tt4694544
35,nm0000246,tt4972582
36,nm0000246,tt3963816
37,nm0000246,tt4651410
38,nm0000246,tt4382872
39,nm0000246,tt3164256
40,nm0000246,tt3480796
41,nm0000246,tt1085492
42,nm0000246,tt0458481
43,nm0000246,tt1821694
44,nm0000246,tt1583421
45,nm0000246,tt1606378
46,nm0000246,tt1925431
47,nm0000246,tt1276104
48,nm0000246,tt1764651
49,nm0000246,tt1748122
50,nm0000246,tt1366365
51,nm0000246,tt1132449
52,nm0000246,tt1837673
53,nm0000246,tt1886493
54,nm0000246,tt1748197
55,nm0000246,tt3529134
56,nm0000246,tt1245526
57,nm0000246,tt1356864
58,nm0000246,tt1320253
59,nm0000246,tt1385867
60,nm0000246,tt0986263
61,nm0000246,tt0106053
62,nm0000246,tt0486674
63,nm0000246,tt1018818
64,nm0000246,tt3399372
65,nm0000246,tt0337978
66,nm0000246,tt0457433
67,nm0000246,tt1077258
68,nm0000246,tt3492560
69,nm0000246,tt0462322
70,nm0000246,tt0937397
71,nm0000246,tt0469263
72,nm0000246,tt0460792
73,nm0000246,tt0327084
74,nm0000246,tt0450232
75,nm0000246,tt0425210
76,nm0000246,tt0426883
77,nm0000246,tt0165598
78,nm0000246,tt0401792
79,nm0000246,tt0340163
80,nm0000246,tt0349903
81,nm0000246,tt0327247
82,nm0000246,tt0305357
83,nm0000246,tt0337711
84,nm0000246,tt0314353
85,nm0000246,tt0328719
86,nm0000246,tt0335126
87,nm0000246,tt0251114
88,nm0000246,tt0219965
89,nm0000246,tt0217869
90,nm0000246,tt0219854
91,nm0000246,tt0108778
92,nm0000246,tt0190138
93,nm0000246,tt0160916
94,nm0000246,tt0167404
95,nm0000246,tt0120618
96,nm0000246,tt0118254
97,nm0000246,tt0176457
98,nm0000246,tt0133952
99,nm0000246,tt0377917
100,nm0000246,tt0120591
101,nm0000246,tt0120749
102,nm0000246,tt0119395
103,nm0000246,tt0115118
104,nm0000246,tt0103484
105,nm0000246,tt0119116
106,nm0000246,tt0297040
107,nm0000246,tt0115641
108,nm0000246,tt0116830
109,nm0000246,tt0114746
110,nm0000246,tt0113101
111,nm0000246,tt0112864
112,nm0000246,tt0110684
113,nm0000246,tt11866112
114,nm0000246,tt0109456
115,nm0000246,tt0110687
116,nm0000246,tt0110912
117,nm0000246,tt0108238
118,nm0000246,tt0107659
119,nm0000246,tt0104070
120,nm0000246,tt0105151
121,nm0000246,tt0102266
122,nm0000246,tt0101453
123,nm0000246,tt0102070
124,nm0000246,tt0102469
125,nm0000246,tt0099165
126,nm0000246,tt0100050
127,nm0000246,tt0099423
128,nm0000246,tt0097778
129,nm0000246,tt0097570
130,nm0000246,tt0088571
131,nm0000246,tt0095016
132,nm0000246,tt0096193
133,nm0000246,tt0092342
134,nm0000246,tt8443610
135,nm0000246,tt0092666
136,nm0000246,tt0095987
137,nm0000246,tt7731986
138,nm0000246,tt0088634
139,nm0000246,tt0086759
140,nm0000246,tt0084855
141,nm0000246,tt0163652
142,nm0000246,tt0080738
0,nm0000136,tt12874990
1,nm0000136,tt9179096
2,nm0000136,tt6149154
3,nm0000136,tt2677722
4,nm0000136,tt4123430
5,nm0000136,tt6865690
6,nm0000136,tt1273221
7,nm0000136,tt8925680
8,nm0000136,tt2296777
9,nm0000136,tt7634200
10,nm0000136,tt3402236
11,nm0000136,tt7492974
12,nm0000136,tt1790809
13,nm0000136,tt6244528
14,nm0000136,tt3183660
15,nm0000136,tt2567026
16,nm0000136,tt5456120
17,nm0000136,tt3838992
18,nm0000136,tt1355683
19,nm0000136,tt8925618
20,nm0000136,tt3045616
21,nm0000136,tt2180411
22,nm0000136,tt3099498
23,nm0000136,tt2209764
24,nm0000136,tt1885299
25,nm0000136,tt1210819
26,nm0000136,tt0182576
27,nm0000136,tt1077368
28,nm0000136,tt1232829
29,nm0000136,tt1641247
30,nm0000136,tt0810913
31,nm0000136,tt0376136
32,nm0000136,tt1843198
33,nm0000136,tt1298650
34,nm0000136,tt1192628
35,nm0000136,tt1243957
36,nm0000136,tt1014759
37,nm0000136,tt1152836
38,nm0000136,tt1054606
39,nm0000136,tt0206512
40,nm0000136,tt0408236
41,nm0000136,tt0449088
42,nm0000136,tt0383574
43,nm0000136,tt0815220
44,nm0000136,tt0121164
45,nm0000136,tt0367594
46,nm0000136,tt0375920
47,nm0000136,tt0308644
48,nm0000136,tt0381270
49,nm0000136,tt0118375
50,nm0000136,tt0363988
51,nm0000136,tt0285823
52,nm0000136,tt0325980
53,nm0000136,tt0120681
54,nm0000136,tt0221027
55,nm0000136,tt0108771
56,nm0000136,tt0241303
57,nm0000136,tt0247196
58,nm0000136,tt0206917
59,nm0000136,tt0162661
60,nm0000136,tt0138304
61,nm0000136,tt0142688
62,nm0000136,tt0108981
63,nm0000136,tt0119565
64,nm0000136,tt0120669
65,nm0000136,tt0115818
66,nm0000136,tt0118768
67,nm0000136,tt0119008
68,nm0000136,tt8391714
69,nm0000136,tt0113972
70,nm0000136,tt6010812
71,nm0000136,tt0112817
72,nm0000136,tt8403886
73,nm0000136,tt0112883
74,nm0000136,tt0109707
75,nm0000136,tt0108550
76,nm0000136,tt0106387
77,nm0000136,tt8416482
78,nm0000136,tt0106307
79,nm0000136,tt0101917
80,nm0000136,tt5292294
81,nm0000136,tt0099487
82,nm0000136,tt0092312
83,nm0000136,tt0099329
84,nm0000136,tt3494988
85,nm0000136,tt0085032
86,nm0000136,tt3494986
87,nm0000136,tt0091763
88,nm0000136,tt0091972
89,nm0000136,tt3494942
90,nm0000136,tt0088549
91,nm0000136,tt0089839
92,nm0000136,tt12733608
93,nm0000136,tt0087800
0,nm0000226,tt7820302
1,nm0000226,tt4919268
2,nm0000226,tt12312872
3,nm0000226,tt11012318
4,nm0000226,tt12530246
5,nm0000226,tt12193720
6,nm0000226,tt9620288
7,nm0000226,tt13051974
8,nm0000226,tt12734466
9,nm0000226,tt13789088
10,nm0000226,tt1502397
11,nm0000226,tt5814534
12,nm0000226,tt11429386
13,nm0000226,tt1025100
14,nm0000226,tt10777682
15,nm0000226,tt7255568
16,nm0000226,tt6139732
17,nm0000226,tt5519340
18,nm0000226,tt4682786
19,nm0000226,tt1386697
20,nm0000226,tt3322364
21,nm0000226,tt2381941
22,nm0000226,tt12771922
23,nm0000226,tt1837709
24,nm0000226,tt1229340
25,nm0000226,tt1815862
26,nm0000226,tt1409024
27,nm0000226,tt0814314
28,nm0000226,tt0448157
29,nm0000226,tt0480249
30,nm0000226,tt0454921
31,nm0000226,tt6733326
32,nm0000226,tt8300582
33,nm0000226,tt0386588
34,nm0000226,tt5091774
35,nm0000226,tt0307453
36,nm0000226,tt0343818
37,nm0000226,tt0362404
38,nm0000226,tt0172156
39,nm0000226,tt8300578
40,nm0000226,tt8300568
41,nm0000226,tt0120912
42,nm0000226,tt4353834
43,nm0000226,tt0248667
44,nm0000226,tt0146984
45,nm0000226,tt8300518
46,nm0000226,tt8300394
47,nm0000226,tt0120891
48,nm0000226,tt6720788
49,nm0000226,tt7383472
50,nm0000226,tt0120660
51,nm0000226,tt11402440
52,nm0000226,tt7263408
53,nm0000226,tt6844106
54,nm0000226,tt6720818
55,nm0000226,tt8300430
56,nm0000226,tt0119654
57,nm0000226,tt0111996
58,nm0000226,tt0116629
59,nm0000226,tt0098800
60,nm0000226,tt0103488
61,nm0000226,tt0112442
62,nm0000226,tt6734288
63,nm0000226,tt0108149
64,nm0000226,tt0107478
65,nm0000226,tt0105810
66,nm0000226,tt0101050
67,nm0000226,tt6175814
68,nm0000226,tt8300758
69,nm0000226,tt0202179
70,nm0000226,tt8300642
71,nm0000226,tt6734326
72,nm0000226,tt8300824
73,nm0000226,tt6734318
74,nm0000226,tt6734426
75,nm0000226,tt6734178
0,nm0000138,tt0959300
1,nm0000138,tt7428530
2,nm0000138,tt6487156
3,nm0000138,tt5537002
4,nm0000138,tt11286314
5,nm0000138,tt14677742
6,nm0000138,tt8690814
7,nm0000138,tt7131622
8,nm0000138,tt10199110
9,nm0000138,tt10856690
10,nm0000138,tt10851666
11,nm0000138,tt1663202
12,nm0000138,tt4016250
13,nm0000138,tt10852568
14,nm0000138,tt10852626
15,nm0000138,tt10852556
16,nm0000138,tt0993846
17,nm0000138,tt1343092
18,nm0000138,tt15739482
19,nm0000138,tt1853728
20,nm0000138,tt10851652
21,nm0000138,tt10856664
22,nm0000138,tt1616195
23,nm0000138,tt5295894
24,nm0000138,tt1375666
25,nm0000138,tt1130884
26,nm0000138,tt0959337
27,nm0000138,tt0758774
28,nm0000138,tt0450259
29,nm0000138,tt0407887
30,nm0000138,tt0338751
31,nm0000138,tt0264464
32,nm0000138,tt0217505
33,nm0000138,tt0119004
34,nm0000138,tt0163978
35,nm0000138,tt0120533
36,nm0000138,tt0120744
37,nm0000138,tt0120338
38,nm0000138,tt15304034
39,nm0000138,tt0116999
40,nm0000138,tt0117509
41,nm0000138,tt10852498
42,nm0000138,tt0114702
43,nm0000138,tt0114214
44,nm0000138,tt0112461
45,nm0000138,tt0109820
46,nm0000138,tt0108550
47,nm0000138,tt0108330
48,nm0000138,tt0088527
49,nm0000138,tt0105156
50,nm0000138,tt10851578
51,nm0000138,tt0101627
52,nm0000138,tt0098887
53,nm0000138,tt0094540
54,nm0000138,tt10257288
55,nm0000138,tt0086793
56,nm0000138,tt0096673
57,nm0000138,tt10850602
58,nm0000138,tt10851610
59,nm0000138,tt0096661
60,nm0000138,tt0190196
0,nm0000354,tt15398776
1,nm0000354,tt10648342
2,nm0000354,tt4244994
3,nm0000354,tt10696896
4,nm0000354,tt11525644
5,nm0000354,tt6521876
6,nm0000354,tt1950186
7,nm0000354,tt9881938
8,nm0000354,tt0072562
9,nm0000354,tt5463162
10,nm0000354,tt7153766
11,nm0000354,tt14279324
12,nm0000354,tt3501632
13,nm0000354,tt0491175
14,nm0000354,tt1389072
15,nm0000354,tt2034800
16,nm0000354,tt4196776
17,nm0000354,tt5364898
18,nm0000354,tt3659388
19,nm0000354,tt5520670
20,nm0000354,tt5520656
21,nm0000354,tt0320037
22,nm0000354,tt0816692
23,nm0000354,tt2177771
24,nm0000354,tt2333804
25,nm0000354,tt1535108
26,nm0000354,tt14786186
27,nm0000354,tt1291580
28,nm0000354,tt1797404
29,nm0000354,tt2091473
30,nm0000354,tt1389137
31,nm0000354,tt1402488
32,nm0000354,tt0466893
33,nm0000354,tt1598778
34,nm0000354,tt1385826
35,nm0000354,tt0496424
36,nm0000354,tt1403865
37,nm0000354,tt1212419
38,nm0000354,tt0947810
39,nm0000354,tt1792654
40,nm0000354,tt1057500
41,nm0000354,tt0387199
42,nm0000354,tt1130080
43,nm0000354,tt0876563
44,nm0000354,tt0374569
45,nm0000354,tt0481797
46,nm0000354,tt0169414
47,nm0000354,tt0440963
48,nm0000354,tt0496806
49,nm0000354,tt0343737
50,nm0000354,tt0407887
51,nm0000354,tt0365737
52,nm0000354,tt0401623
53,nm0000354,tt0355295
54,nm0000354,tt0275140
55,nm0000354,tt0349903
56,nm0000354,tt0372183
57,nm0000354,tt0300051
58,nm0000354,tt0356150
59,nm0000354,tt0338466
60,nm0000354,tt0270288
61,nm0000354,tt0285341
62,nm0000354,tt0258463
63,nm0000354,tt0202623
64,nm0000354,tt0166813
65,nm0000354,tt0157246
66,nm0000354,tt0302674
67,nm0000354,tt0268995
68,nm0000354,tt0240772
69,nm0000354,tt0261392
70,nm0000354,tt0149624
71,nm0000354,tt0181536
72,nm0000354,tt0146984
73,nm0000354,tt0120913
74,nm0000354,tt0134119
75,nm0000354,tt0120655
76,nm0000354,tt0128442
77,nm0000354,tt0120815
78,nm0000354,tt0119217
79,nm0000354,tt0119978
80,nm0000354,tt0118842
81,nm0000354,tt0115956
82,nm0000354,tt0116422
83,nm0000354,tt0113196
84,nm0000354,tt0107004
85,nm0000354,tt0105327
86,nm0000354,tt0100497
87,nm0000354,tt0097351
88,nm0000354,tt0095238
89,nm0000354,tt0095690
0,nm0000168,tt12760338
1,nm0000168,tt15507512
2,nm0000168,tt10676048
3,nm0000168,tt15009428
4,nm0000168,tt13157618
5,nm0000168,tt4428398
6,nm0000168,tt13820498
7,nm0000168,tt10168312
8,nm0000168,tt6079772
9,nm0000168,tt8385148
10,nm0000168,tt10342730
11,nm0000168,tt13567480
12,nm0000168,tt14084160
13,nm0000168,tt12369754
14,nm0000168,tt6285944
15,nm0000168,tt2527338
16,nm0000168,tt0783640
17,nm0000168,tt6320628
18,nm0000168,tt3697842
19,nm0000168,tt4463894
20,nm0000168,tt4154796
21,nm0000168,tt4154664
22,nm0000168,tt6823368
23,nm0000168,tt5989218
24,nm0000168,tt3606756
25,nm0000168,tt2555624
26,nm0000168,tt4154756
27,nm0000168,tt7771456
28,nm0000168,tt2338454
29,nm0000168,tt1959563
30,nm0000168,tt3731562
31,nm0000168,tt1293847
32,nm0000168,tt1935859
33,nm0000168,tt0918940
34,nm0000168,tt0775440
35,nm0000168,tt3460252
36,nm0000168,tt4594834
37,nm0000168,tt4671444
38,nm0000168,tt1731701
39,nm0000168,tt2395427
40,nm0000168,tt2802144
41,nm0000168,tt1608383
42,nm0000168,tt3704236
43,nm0000168,tt2088003
44,nm0000168,tt2044801
45,nm0000168,tt2364582
46,nm0000168,tt1843866
47,nm0000168,tt0320037
48,nm0000168,tt1234721
49,nm0000168,tt2304953
50,nm0000168,tt1321511
51,nm0000168,tt1556078
52,nm0000168,tt1860353
53,nm0000168,tt1853728
54,nm0000168,tt2421374
55,nm0000168,tt1488181
56,nm0000168,tt0848228
57,nm0000168,tt1810697
58,nm0000168,tt1867093
59,nm0000168,tt1117581
60,nm0000168,tt0458339
61,nm0000168,tt0800369
62,nm0000168,tt1612560
63,nm0000168,tt1510938
64,nm0000168,tt0312305
65,nm0000168,tt0373732
66,nm0000168,tt1386588
67,nm0000168,tt0914863
68,nm0000168,tt1371159
69,nm0000168,tt1228705
70,nm0000168,tt2111324
71,nm0000168,tt1637997
72,nm0000168,tt6729850
73,nm0000168,tt0375568
74,nm0000168,tt1121977
75,nm0000168,tt0361748
76,nm0000168,tt1346947
77,nm0000168,tt1265998
78,nm0000168,tt0831887
79,nm0000168,tt1111948
80,nm0000168,tt0810880
81,nm0000168,tt0947802
82,nm0000168,tt1185834
83,nm0000168,tt0371746
84,nm0000168,tt0489099
85,nm0000168,tt0896798
86,nm0000168,tt0159876
87,nm0000168,tt0450385
88,nm0000168,tt0465316
89,nm0000168,tt0416185
90,nm0000168,tt0488539
91,nm0000168,tt0763840
92,nm0000168,tt0462200
93,nm0000168,tt0417148
94,nm0000168,tt10217822
95,nm0000168,tt0349467
96,nm0000168,tt0399327
97,nm0000168,tt0445114
98,nm0000168,tt0121766
99,nm0000168,tt0329774
100,nm0000168,tt0486141
101,nm0000168,tt0393162
102,nm0000168,tt10862602
103,nm0000168,tt8338218
104,nm0000168,tt0433576
105,nm0000168,tt0317705
106,nm0000168,tt0383385
107,nm0000168,tt5053130
108,nm0000168,tt0378194
109,nm0000168,tt0315297
110,nm0000168,tt0349260
111,nm0000168,tt0361185
112,nm0000168,tt0257076
113,nm0000168,tt0264395
114,nm0000168,tt12247528
115,nm0000168,tt0295701
116,nm0000168,tt0292610
117,nm0000168,tt0121765
118,nm0000168,tt0264472
119,nm0000168,tt0372217
120,nm0000168,tt0227984
121,nm0000168,tt0293737
122,nm0000168,tt0182000
123,nm0000168,tt0217869
124,nm0000168,tt0162650
125,nm0000168,tt0227972
126,nm0000168,tt0160797
127,nm0000168,tt0149261
128,nm0000168,tt0159888
129,nm0000168,tt0120915
130,nm0000168,tt0248271
131,nm0000168,tt0120802
132,nm0000168,tt0120768
133,nm0000168,tt0120780
134,nm0000168,tt0120184
135,nm0000168,tt0119396
136,nm0000168,tt0119080
137,nm0000168,tt0118531
138,nm0000168,tt0111996
139,nm0000168,tt0116908
140,nm0000168,tt0117913
141,nm0000168,tt0117958
142,nm0000168,tt0116448
143,nm0000168,tt0119256
144,nm0000168,tt0113089
145,nm0000168,tt0112864
146,nm0000168,tt0113552
147,nm0000168,tt0113691
148,nm0000168,tt0117577
149,nm0000168,tt0110649
150,nm0000168,tt0110912
151,nm0000168,tt0109969
152,nm0000168,tt0109053
153,nm0000168,tt0109161
154,nm0000168,tt0109842
155,nm0000168,tt0108399
156,nm0000168,tt0107290
157,nm0000168,tt0107554
158,nm0000168,tt0106266
159,nm0000168,tt0107659
160,nm0000168,tt0094416
161,nm0000168,tt0101124
162,nm0000168,tt0108787
163,nm0000168,tt0105112
164,nm0000168,tt0105813
165,nm0000168,tt0104240
166,nm0000168,tt0104573
167,nm0000168,tt0102174
168,nm0000168,tt0101677
169,nm0000168,tt0102996
170,nm0000168,tt0101184
171,nm0000168,tt0104567
172,nm0000168,tt0102175
173,nm0000168,tt0098844
174,nm0000168,tt0100480
175,nm0000168,tt0099685
176,nm0000168,tt0099528
177,nm0000168,tt0100168
178,nm0000168,tt0099128
179,nm0000168,tt8684118
180,nm0000168,tt0099294
181,nm0000168,tt0100602
182,nm0000168,tt0099395
183,nm0000168,tt0098273
184,nm0000168,tt0092336
185,nm0000168,tt0097216
186,nm0000168,tt0096646
187,nm0000168,tt0097164
188,nm0000168,tt0094898
189,nm0000168,tt0096054
190,nm0000168,tt0088612
191,nm0000168,tt0093474
192,nm0000168,tt0094213
193,nm0000168,tt0082970
194,nm0000168,tt0080707
195,nm0000168,tt0217105
196,nm0000168,tt0074413
197,nm0000168,tt0071012
198,nm0000168,tt0202001
0,nm0000134,tt4075436
1,nm0000134,tt3143812
2,nm0000134,tt8373206
3,nm0000134,tt5537002
4,nm0000134,tt13055982
5,nm0000134,tt10304142
6,nm0000134,tt5420210
7,nm0000134,tt13160412
8,nm0000134,tt4532038
9,nm0000134,tt1302006
10,nm0000134,tt7286456
11,nm0000134,tt0072562
12,nm0000134,tt1933667
13,nm0000134,tt1967614
14,nm0000134,tt1781827
15,nm0000134,tt1860213
16,nm0000134,tt2446980
17,nm0000134,tt3276924
18,nm0000134,tt5227516
19,nm0000134,tt4016250
20,nm0000134,tt2361509
21,nm0000134,tt10908058
22,nm0000134,tt2212008
23,nm0000134,tt1661382
24,nm0000134,tt1800241
25,nm0000134,tt1204975
26,nm0000134,tt2404311
27,nm0000134,tt1480295
28,nm0000134,tt1931435
29,nm0000134,tt1045658
30,nm0000134,tt1815708
31,nm0000134,tt0455323
32,nm0000134,tt1748179
33,nm0000134,tt1598822
34,nm0000134,tt1448755
35,nm0000134,tt6779822
36,nm0000134,tt6779974
37,nm0000134,tt6780018
38,nm0000134,tt1219289
39,nm0000134,tt1712187
40,nm0000134,tt0496424
41,nm0000134,tt0970866
42,nm0000134,tt1423995
43,nm0000134,tt0985694
44,nm0000134,tt0780511
45,nm0000134,tt1034331
46,nm0000134,tt0486674
47,nm0000134,tt0486655
48,nm0000134,tt3492560
49,nm0000134,tt0343737
50,nm0000134,tt0344854
51,nm0000134,tt0445114
52,nm0000134,tt5091774
53,nm0000134,tt0382077
54,nm0000134,tt0356443
55,nm0000134,tt0290002
56,nm0000134,tt0307453
57,nm0000134,tt0335121
58,nm0000134,tt0289848
59,nm0000134,tt0269095
60,nm0000134,tt0284490
61,nm0000134,tt12032604
62,nm0000134,tt0227445
63,nm0000134,tt0179626
64,nm0000134,tt0212338
65,nm0000134,tt0203019
66,nm0000134,tt0131704
67,nm0000134,tt0155711
68,nm0000134,tt0122933
69,nm0000134,tt0122690
70,nm0000134,tt0119223
71,nm0000134,tt0120885
72,nm0000134,tt0119396
73,nm0000134,tt0118887
74,nm0000134,tt0116999
75,nm0000134,tt0117665
76,nm0000134,tt0116277
77,nm0000134,tt0113277
78,nm0000134,tt0112641
79,nm0000134,tt0112654
80,nm0000134,tt0109836
81,nm0000134,tt0106489
82,nm0000134,tt0108330
83,nm0000134,tt0107473
84,nm0000134,tt0105001
85,nm0000134,tt0104892
86,nm0000134,tt0101540
87,nm0000134,tt0101393
88,nm0000134,tt0101984
89,nm0000134,tt0099077
90,nm0000134,tt0099685
91,nm0000134,tt0100680
92,nm0000134,tt0098625
93,nm0000134,tt0097607
94,nm0000134,tt0095631
95,nm0000134,tt0092851
96,nm0000134,tt0094226
97,nm0000134,tt0092563
98,nm0000134,tt0091530
99,nm0000134,tt0088846
100,nm0000134,tt0087233
101,nm0000134,tt0087843
102,nm0000134,tt0085794
103,nm0000134,tt0083232
104,nm0000134,tt0081398
105,nm0000134,tt0077416
106,nm0000134,tt0809488
107,nm0000134,tt0076451
108,nm0000134,tt0074777
109,nm0000134,tt0074084
110,nm0000134,tt0075314
111,nm0000134,tt0071562
112,nm0000134,tt0070379
113,nm0000134,tt0069765
114,nm0000134,tt0067124
115,nm0000134,tt0066856
116,nm0000134,tt0067266
117,nm0000134,tt0065836
118,nm0000134,tt0065481
119,nm0000134,tt0064924
120,nm0000134,tt0065198
121,nm0000134,tt0063036
122,nm0000134,tt0063154
123,nm0000134,tt2141713
124,nm0000134,tt0179492
0,nm0000093,tt10640346
1,nm0000093,tt12593682
2,nm0000093,tt13320622
3,nm0000093,tt14067406
4,nm0000093,tt2935510
5,nm0000093,tt7131622
6,nm0000093,tt5463162
7,nm0000093,tt4758646
8,nm0000093,tt3640424
9,nm0000093,tt6024606
10,nm0000093,tt1596363
11,nm0000093,tt3707106
12,nm0000093,tt4016250
13,nm0000093,tt2713180
14,nm0000093,tt2193215
15,nm0000093,tt2024544
16,nm0000093,tt0816711
17,nm0000093,tt1764234
18,nm0000093,tt2290075
19,nm0000093,tt1402488
20,nm0000093,tt1210166
21,nm0000093,tt0478304
22,nm0000093,tt1001526
23,nm0000093,tt1448751
24,nm0000093,tt0361748
25,nm0000093,tt0421715
26,nm0000093,tt0887883
27,nm0000093,tt12753128
28,nm0000093,tt0443680
29,nm0000093,tt0496806
30,nm0000093,tt0449467
31,nm0000093,tt0356910
32,nm0000093,tt0349903
33,nm0000093,tt0332452
34,nm0000093,tt0361185
35,nm0000093,tt3419296
36,nm0000093,tt0118375
37,nm0000093,tt0165982
38,nm0000093,tt0270288
39,nm0000093,tt0240772
40,nm0000093,tt0108778
41,nm0000093,tt0266987
42,nm0000093,tt0236493
43,nm0000093,tt0208092
44,nm0000093,tt0137523
45,nm0000093,tt0120601
46,nm0000093,tt0119643
47,nm0000093,tt0120102
48,nm0000093,tt0118972
49,nm0000093,tt0117665
50,nm0000093,tt0114746
51,nm0000093,tt0114369
52,nm0000093,tt0110322
53,nm0000093,tt0110148
54,nm0000093,tt0109783
55,nm0000093,tt0108399
56,nm0000093,tt0107302
57,nm0000093,tt0104007
58,nm0000093,tt0105265
59,nm0000093,tt0096708
60,nm0000093,tt0104009
61,nm0000093,tt0166002
62,nm0000093,tt0104567
63,nm0000093,tt0103074
64,nm0000093,tt0098804
65,nm0000093,tt0101268
66,nm0000093,tt0100797
67,nm0000093,tt0099829
68,nm0000093,tt0092492
69,nm0000093,tt0097478
70,nm0000093,tt0097136
71,nm0000093,tt0088527
72,nm0000093,tt0094466
73,nm0000093,tt0090444
74,nm0000093,tt0118930
75,nm0000093,tt0096179
76,nm0000093,tt0092312
77,nm0000093,tt0077000
78,nm0000093,tt0093407
79,nm0000093,tt0093638
80,nm0000093,tt0093640
81,nm0000093,tt0057731
82,nm0000093,tt0093231
0,nm0000123,tt14109724
1,nm0000123,tt10539608
2,nm0000123,tt0093119
3,nm0000123,tt5056196
4,nm0000123,tt2241351
5,nm0000123,tt0475290
6,nm0000123,tt4537842
7,nm0000123,tt1964418
8,nm0000123,tt2177771
9,nm0000123,tt1454468
10,nm0000123,tt2290075
11,nm0000123,tt1033575
12,nm0000123,tt1124035
13,nm0000123,tt1440728
14,nm0000123,tt0432283
15,nm0000123,tt1234548
16,nm0000123,tt1193138
17,nm0000123,tt0108757
18,nm0000123,tt0887883
19,nm0000123,tt0379865
20,nm0000123,tt0387199
21,nm0000123,tt0465538
22,nm0000123,tt0496806
23,nm0000123,tt0452624
24,nm0000123,tt0365737
25,nm0000123,tt0433383
26,nm0000123,tt0349903
27,nm0000123,tt0138524
28,nm0000123,tt0338459
29,nm0000123,tt0270288
30,nm0000123,tt0307479
31,nm0000123,tt0271259
32,nm0000123,tt0240772
33,nm0000123,tt0227538
34,nm0000123,tt0177971
35,nm0000123,tt0190590
36,nm0000123,tt0235376
37,nm0000123,tt0120188
38,nm0000123,tt0289670
39,nm0000123,tt0158983
40,nm0000123,tt0120863
41,nm0000123,tt0120780
42,nm0000123,tt0094514
43,nm0000123,tt0158353
44,nm0000123,tt0119874
45,nm0000123,tt0121955
46,nm0000123,tt0118688
47,nm0000123,tt0117247
48,nm0000123,tt0116367
49,nm0000123,tt0108778
50,nm0000123,tt0101199
51,nm0000123,tt0107084
52,nm0000123,tt0105964
53,nm0000123,tt0103374
54,nm0000123,tt0108580
55,nm0000123,tt0105685
56,nm0000123,tt0098916
57,nm0000123,tt0103449
58,nm0000123,tt0094540
59,nm0000123,tt0395731
60,nm0000123,tt0101041
61,nm0000123,tt0369630
62,nm0000123,tt0100468
63,nm0000123,tt10772384
64,nm0000123,tt0095989
65,nm0000123,tt0092392
66,nm0000123,tt0927586
67,nm0000123,tt0088526
68,nm0000123,tt0086765
69,nm0000123,tt0093854
70,nm0000123,tt0086734
71,nm0000123,tt0078610
72,nm0000123,tt0090865
73,nm0000123,tt0090533
74,nm0000123,tt0085032
75,nm0000123,tt0086691
76,nm0000123,tt0086704
77,nm0000123,tt0088618
78,nm0000123,tt0086789
79,nm0000123,tt1205428
80,nm0000123,tt0076993
0,nm0000230,tt6465742
1,nm0000230,tt3291150
2,nm0000230,tt6791350
3,nm0000230,tt5500218
4,nm0000230,tt16058736
5,nm0000230,tt6334354
6,nm0000230,tt1206885
7,nm0000230,tt6772804
8,nm0000230,tt9398566
9,nm0000230,tt3588588
10,nm0000230,tt6343314
11,nm0000230,tt6513656
12,nm0000230,tt5555260
13,nm0000230,tt4155534
14,nm0000230,tt3896198
15,nm0000230,tt2865120
16,nm0000230,tt3076658
17,nm0000230,tt0959306
18,nm0000230,tt2333784
19,nm0000230,tt1661382
20,nm0000230,tt0072562
21,nm0000230,tt1211956
22,nm0000230,tt1308729
23,nm0000230,tt1764651
24,nm0000230,tt1222817
25,nm0000230,tt1320253
26,nm0000230,tt1144804
27,nm0000230,tt0462499
28,nm0000230,tt3492560
29,nm0000230,tt3125766
30,nm0000230,tt0479143
31,nm0000230,tt0364828
32,nm0000230,tt0338459
33,nm0000230,tt0323939
34,nm0000230,tt0295721
35,nm0000230,tt0337550
36,nm0000230,tt0275947
37,nm0000230,tt0160184
38,nm0000230,tt0132245
39,nm0000230,tt0208988
40,nm0000230,tt0120587
41,nm0000230,tt0119216
42,nm0000230,tt0118577
43,nm0000230,tt0118887
44,nm0000230,tt0116040
45,nm0000230,tt0112401
46,nm0000230,tt0113492
47,nm0000230,tt0159144
48,nm0000230,tt0111255
49,nm0000230,tt0353346
50,nm0000230,tt0106697
51,nm0000230,tt0106582
52,nm0000230,tt0105477
53,nm0000230,tt0098780
54,nm0000230,tt0102603
55,nm0000230,tt0100507
56,nm0000230,tt0098439
57,nm0000230,tt0097770
58,nm0000230,tt0095956
59,nm0000230,tt8463396
60,nm0000230,tt0093692
61,nm0000230,tt0090859
62,nm0000230,tt0089927
63,nm0000230,tt0089880
64,nm0000230,tt0088001
65,nm0000230,tt0086361
66,nm0000230,tt0083944
67,nm0000230,tt0084602
68,nm0000230,tt0083284
69,nm0000230,tt0082817
70,nm0000230,tt0079817
71,nm0000230,tt0074028
72,nm0000230,tt0078056
73,nm0000230,tt0077531
74,nm0000230,tt0075148
75,nm0000230,tt0074279
76,nm0000230,tt0069599
77,nm0000230,tt0069620
78,nm0000230,tt0072973
79,nm0000230,tt0072856
80,nm0000230,tt0072761
81,nm0000230,tt0072034
82,nm0000230,tt0071772
83,nm0000230,tt0066156
84,nm0000230,tt0066808
85,nm0000230,tt0067576
86,nm0000230,tt0065904
87,nm0000230,tt6344712
0,nm0000151,tt14321422
1,nm0000151,tt15384508
2,nm0000151,tt14153080
3,nm0000151,tt7469828
4,nm0000151,tt13141250
5,nm0000151,tt13329976
6,nm0000151,tt8385148
7,nm0000151,tt7255502
8,nm0000151,tt13356646
9,nm0000151,tt5932368
10,nm0000151,tt6802400
11,nm0000151,tt5420210
12,nm0000151,tt8456094
13,nm0000151,tt14067406
14,nm0000151,tt13623948
15,nm0000151,tt6189022
16,nm0000151,tt5862166
17,nm0000151,tt5523010
18,nm0000151,tt3920820
19,nm0000151,tt4244998
20,nm0000151,tt5721088
21,nm0000151,tt3501074
22,nm0000151,tt2568862
23,nm0000151,tt2638144
24,nm0000151,tt3110958
25,nm0000151,tt3300542
26,nm0000151,tt3181776
27,nm0000151,tt2637276
28,nm0000151,tt2493486
29,nm0000151,tt3324558
30,nm0000151,tt2978462
31,nm0000151,tt2933544
32,nm0000151,tt2872732
33,nm0000151,tt1709835
34,nm0000151,tt2209764
35,nm0000151,tt1490017
36,nm0000151,tt1204975
37,nm0000151,tt1670345
38,nm0000151,tt1483013
39,nm0000151,tt2302755
40,nm0000151,tt1345836
41,nm0000151,tt1839654
42,nm0000151,tt1564349
43,nm0000151,tt0816462
44,nm0000151,tt1245526
45,nm0000151,tt1408430
46,nm0000151,tt1057500
47,nm0000151,tt1107860
48,nm0000151,tt1112782
49,nm0000151,tt0468569
50,nm0000151,tt0493464
51,nm0000151,tt0808435
52,nm0000151,tt0825232
53,nm0000151,tt0800027
54,nm0000151,tt0452623
55,nm0000151,tt0413099
56,nm0000151,tt0445946
57,nm0000151,tt0499603
58,nm0000151,tt0425210
59,nm0000151,tt0472251
60,nm0000151,tt0401623
61,nm0000151,tt0350261
62,nm0000151,tt0450392
63,nm0000151,tt0407304
64,nm0000151,tt0372784
65,nm0000151,tt0389957
66,nm0000151,tt0342258
67,nm0000151,tt1024234
68,nm0000151,tt0405159
69,nm0000151,tt0457610
70,nm0000151,tt0315824
71,nm0000151,tt0361185
72,nm0000151,tt0372311
73,nm0000151,tt0315327
74,nm0000151,tt0285531
75,nm0000151,tt0304328
76,nm0000151,tt0094416
77,nm0000151,tt0164184
78,nm0000151,tt0257756
79,nm0000151,tt0164334
80,nm0000151,tt0364151
81,nm0000151,tt0171580
82,nm0000151,tt0164212
83,nm0000151,tt0120647
84,nm0000151,tt0120696
85,nm0000151,tt0118607
86,nm0000151,tt0119468
87,nm0000151,tt0115857
88,nm0000151,tt0117071
89,nm0000151,tt0114369
90,nm0000151,tt0114069
91,nm0000151,tt0111161
92,nm0000151,tt13099266
93,nm0000151,tt0105695
94,nm0000151,tt0105159
95,nm0000151,tt4201912
96,nm0000151,tt0250787
97,nm0000151,tt0102798
98,nm0000151,tt0099165
99,nm0000151,tt0098769
100,nm0000151,tt0255132
101,nm0000151,tt0097441
102,nm0000151,tt0097239
103,nm0000151,tt0097626
104,nm0000151,tt0097722
105,nm0000151,tt0094884
106,nm0000151,tt0094885
107,nm0000151,tt0093021
108,nm0000151,tt0094056
109,nm0000151,tt0091844
110,nm0000151,tt0089111
111,nm0000151,tt0088634
112,nm0000151,tt0159876
113,nm0000151,tt0090151
114,nm0000151,tt0089555
115,nm0000151,tt0088750
116,nm0000151,tt0088242
117,nm0000151,tt0087386
118,nm0000151,tt0057731
119,nm0000151,tt0179757
120,nm0000151,tt0082719
121,nm0000151,tt0080290
122,nm0000151,tt0072559
123,nm0000151,tt0082353
124,nm0000151,tt0080474
125,nm0000151,tt0080392
126,nm0000151,tt0078999
127,nm0000151,tt0079379
128,nm0000151,tt0079299
129,nm0000151,tt0331805
130,nm0000151,tt0078173
131,nm0000151,tt0066651
132,nm0000151,tt0069797
133,nm0000151,tt0067982
134,nm0000151,tt1624378
135,nm0000151,tt0375390
136,nm0000151,tt0063801
137,nm0000151,tt0060660
138,nm0000151,tt0059575
